-- phpMyAdmin SQL Dump
-- version 4.9.7
-- https://www.phpmyadmin.net/
--
-- Host: localhost:3306
-- Generation Time: Aug 15, 2022 at 01:30 AM
-- Server version: 5.7.23-23
-- PHP Version: 7.4.30

SET SQL_MODE = "NO_AUTO_VALUE_ON_ZERO";
SET AUTOCOMMIT = 0;
START TRANSACTION;
SET time_zone = "+00:00";


/*!40101 SET @OLD_CHARACTER_SET_CLIENT=@@CHARACTER_SET_CLIENT */;
/*!40101 SET @OLD_CHARACTER_SET_RESULTS=@@CHARACTER_SET_RESULTS */;
/*!40101 SET @OLD_COLLATION_CONNECTION=@@COLLATION_CONNECTION */;
/*!40101 SET NAMES utf8mb4 */;

--
-- Database: `ryanlao_db_da`
--

-- --------------------------------------------------------

--
-- Table structure for table `authorize_user`
--

CREATE TABLE `authorize_user` (
  `id` int(11) NOT NULL,
  `last_name` varchar(20) NOT NULL,
  `first_name` varchar(20) NOT NULL,
  `middle_name` varchar(20) NOT NULL,
  `birthdate` date NOT NULL,
  `secret_question` text NOT NULL,
  `secret_answer` text NOT NULL,
  `contact_number` int(13) NOT NULL,
  `email` text NOT NULL,
  `username` text NOT NULL,
  `password` text NOT NULL,
  `access_level_id` int(11) NOT NULL
) ENGINE=MyISAM DEFAULT CHARSET=latin1;

--
-- Dumping data for table `authorize_user`
--

INSERT INTO `authorize_user` (`id`, `last_name`, `first_name`, `middle_name`, `birthdate`, `secret_question`, `secret_answer`, `contact_number`, `email`, `username`, `password`, `access_level_id`) VALUES
(2, 'pagara', 'ricky', 'icayan', '1998-05-20', '', '', 935093551, 'pagararicky5@gmail.com', 'admin', 'admin123!', 5),
(3, 'Escalante', 'Shammy', 'B', '2021-11-27', 'a', 'a', 90909, 'a', 'a', 'a', 2),
(4, 'Abdul', 'Sean Paul', 'B', '2021-11-12', 'b', 'b', 9909, 'b', 'bb', 'b', 2);

-- --------------------------------------------------------

--
-- Table structure for table `barangay`
--

CREATE TABLE `barangay` (
  `id` int(11) NOT NULL,
  `city_municipality_id` int(11) NOT NULL,
  `barangay_name` text NOT NULL
) ENGINE=MyISAM DEFAULT CHARSET=latin1;

--
-- Dumping data for table `barangay`
--

INSERT INTO `barangay` (`id`, `city_municipality_id`, `barangay_name`) VALUES
(1, 1, 'Agusan'),
(2, 1, 'Baikingon'),
(3, 1, 'Bulua'),
(4, 1, 'Balubal'),
(5, 1, 'Balulang'),
(6, 1, 'Barangay 10 (Pob.)'),
(7, 1, 'Barangay 11 (Pob.)'),
(8, 1, 'Barangay 12 (Pob.)'),
(9, 1, 'Barangay 13 (Pob.)'),
(10, 1, 'Barangay 14 (Pob.)'),
(11, 1, 'Barangay 15 (Pob.)'),
(12, 1, 'Barangay 16 (Pob.)'),
(13, 1, 'Barangay 17 (Pob.)'),
(14, 1, 'Barangay 18 (Pob.)'),
(15, 1, 'Barangay 19 (Pob.)'),
(16, 1, 'Barangay 2 (Pob.)'),
(17, 1, 'Barangay 21 (Pob.)'),
(18, 1, 'Barangay 22 (Pob.)'),
(19, 1, 'Barangay 23 (Pob.)'),
(20, 1, 'Barangay 24 (Pob.)'),
(21, 1, 'Barangay 26 (Pob.)'),
(22, 1, 'Barangay 27 (Pob.)'),
(23, 1, 'Barangay 28 (Pob.)'),
(24, 1, 'Barangay 3 (Pob.)'),
(25, 1, 'Barangay 30 (Pob.)'),
(26, 1, 'Barangay 32 (Pob.)'),
(27, 1, 'Barangay 33 (Pob.)'),
(28, 1, 'Barangay 34 (Pob.)'),
(29, 1, 'Barangay 38 (Pob.)'),
(30, 1, 'Barangay 39 (Pob.)'),
(31, 1, 'Barangay 4 (Pob.)'),
(32, 1, 'Barangay 40 (Pob.)'),
(33, 1, 'Barangay 6 (Pob.)'),
(34, 1, 'Barangay 8 (Pob.)'),
(35, 1, 'Barangay 9 (Pob.)'),
(36, 1, 'Barangay 5 (Pob.)'),
(37, 1, 'Bayabas'),
(38, 1, 'Bayanga'),
(39, 1, 'Besigan'),
(40, 1, 'Bonbon'),
(41, 1, 'Bugo'),
(42, 1, 'Camaman-an'),
(43, 1, 'Canito-an'),
(44, 1, 'Carmen'),
(45, 1, 'Consolacion'),
(46, 1, 'Cugman'),
(47, 1, 'Dansolihon'),
(48, 1, 'F. S. Catanico'),
(49, 1, 'Gusa'),
(50, 1, 'Indahag'),
(51, 1, 'Iponan'),
(52, 1, 'Kauswagan'),
(53, 1, 'Lapasan'),
(54, 1, 'Lumbia'),
(55, 1, 'Macabalan'),
(56, 1, 'Macasandig'),
(57, 1, 'Mambuaya'),
(58, 1, 'Nazareth'),
(59, 1, 'Pagalungan'),
(60, 1, 'Pagatpat'),
(61, 1, 'Patag'),
(62, 1, 'Pigsag-an'),
(63, 1, 'Puerto'),
(64, 1, 'Puntod'),
(65, 1, 'San Simon'),
(66, 1, 'Tablon'),
(67, 1, 'Taglimao'),
(68, 1, 'Tagpangi'),
(69, 1, 'Tignapoloan'),
(70, 1, 'Tuburan'),
(71, 1, 'Tumpagon'),
(72, 1, 'Barangay 1 (Pob.)'),
(73, 1, 'Barangay 7 (Pob.)'),
(74, 1, 'Barangay 20 (Pob.)'),
(75, 1, 'Barangay 25 (Pob.)'),
(76, 1, 'Barangay 29 (Pob.)'),
(77, 1, 'Barangay 31 (Pob.)'),
(78, 1, 'Barangay 35 (Pob.)'),
(79, 1, 'Barangay 36 (Pob.)'),
(80, 1, 'Barangay 37 (Pob.)'),
(81, 1, '');

-- --------------------------------------------------------

--
-- Table structure for table `city`
--

CREATE TABLE `city` (
  `id` int(11) NOT NULL,
  `city_name` text NOT NULL,
  `province_ID` int(11) NOT NULL
) ENGINE=MyISAM DEFAULT CHARSET=latin1;

--
-- Dumping data for table `city`
--

INSERT INTO `city` (`id`, `city_name`, `province_ID`) VALUES
(1, 'CDO', 1),
(2, 'DAVAO', 2),
(3, 'Buenavista', 6),
(4, 'Butuan', 6),
(5, 'Cabadbaran', 6),
(6, 'Bayugan', 8),
(7, 'Bunawan', 8),
(8, 'Akbar', 9),
(9, 'Hadji Mohammad Ajul', 9),
(10, 'Baungon', 10),
(11, 'Cabanglasan', 10),
(12, 'Dangcagan', 10),
(13, 'Kalilangan', 10),
(14, 'Catarman', 11),
(15, 'Guinsiliban', 11),
(16, 'Alamada', 12),
(17, 'Antipas', 12),
(18, 'Bansalan', 13),
(19, 'Magsaysay', 13),
(20, 'Don Marcelino', 14),
(21, 'Santa Maria', 14),
(22, 'Balabagan', 15),
(23, 'Ditsaan-Ramain', 15),
(24, 'Alubijid', 16),
(25, 'Balingasag', 16),
(26, 'Cagayan de Oro', 16),
(27, 'Claveria', 16),
(28, 'Jasaan', 16),
(29, 'Lagonglong', 16),
(30, 'Manticao', 16),
(31, 'Talisayan', 16),
(32, 'Sugbongcogon', 16),
(33, 'Manticao', 16),
(34, 'Lugait', 16),
(35, 'Lagonglong', 16),
(36, 'Aloran', 17),
(37, 'Baliangao', 17),
(38, 'Calamba', 17),
(39, 'Clarin', 17),
(40, 'Concepcion', 17),
(41, 'Jimenez', 17),
(42, 'Plaridel', 17),
(43, 'Sapang Dalaga', 17),
(44, 'Sinacaban', 17),
(45, 'Tangub', 17);

-- --------------------------------------------------------

--
-- Table structure for table `province`
--

CREATE TABLE `province` (
  `id` int(11) NOT NULL,
  `province_name` text NOT NULL
) ENGINE=MyISAM DEFAULT CHARSET=latin1;

--
-- Dumping data for table `province`
--

INSERT INTO `province` (`id`, `province_name`) VALUES
(6, 'Agusan del Norte'),
(8, 'Agusan del Sur'),
(9, 'Basilan'),
(10, 'Bukidnon'),
(11, 'Camiguin'),
(12, 'Cotabato (North Cotabato)'),
(13, 'Davao del Sur'),
(14, 'Davao Occidental'),
(15, 'Lanao del Sur'),
(16, 'Misamis Oriental'),
(17, 'Misamis Occidental');

-- --------------------------------------------------------

--
-- Table structure for table `tblannouncements`
--

CREATE TABLE `tblannouncements` (
  `id` int(11) NOT NULL,
  `createdBy` int(11) NOT NULL,
  `createdDate` date NOT NULL,
  `createdTime` time NOT NULL,
  `Title` text NOT NULL,
  `Description` text NOT NULL
) ENGINE=MyISAM DEFAULT CHARSET=latin1;

--
-- Dumping data for table `tblannouncements`
--

INSERT INTO `tblannouncements` (`id`, `createdBy`, `createdDate`, `createdTime`, `Title`, `Description`) VALUES
(4, 3, '2007-04-22', '11:57:17', 'third announcements', 'Lorem ipsum dolor sit amet, consectetur adipiscing elit, sed do eiusmod tempor incididunt ut labore et dolore magna aliqua. Ut enim ad minim veniam, quis nostrud exercitation ullamco laboris nisi ut aliquip ex ea commodo consequat. Duis aute irure dolor in reprehenderit in voluptate velit esse cillum dolore eu fugiat nulla pariatur. Excepteur sint occaecat cupidatat non proident, sunt in culpa qui officia deserunt mollit anim id est laborum.'),
(6, 3, '2022-07-04', '17:36:30', 'This is a fourth fourth announcements', 'Lorem ipsum dolor sit amet, consectetur adipiscing elit, sed do eiusmod tempor incididunt ut labore et dolore magna aliqua. Ut enim ad minim veniam, quis nostrud exercitation ullamco laboris nisi ut aliquip ex ea commodo consequat. Duis aute irure dolor in reprehenderit in voluptate velit esse cillum dolore eu fugiat nulla pariatur. Excepteur sint occaecat cupidatat non proident, sunt in culpa qui officia deserunt mollit anim id est laborum.'),
(8, 3, '2007-04-22', '01:35:54', 'sixth announcements', 'Lorem ipsum dolor sit amet, consectetur adipiscing elit, sed do eiusmod tempor incididunt ut labore et dolore magna aliqua. Ut enim ad minim veniam, quis nostrud exercitation ullamco laboris nisi ut aliquip ex ea commodo consequat. Duis aute irure dolor in reprehenderit in voluptate velit esse cillum dolore eu fugiat nulla pariatur. Excepteur sint occaecat cupidatat non proident, sunt in culpa qui officia deserunt mollit anim id est laborum.');

-- --------------------------------------------------------

--
-- Table structure for table `tblavailedbenefits`
--

CREATE TABLE `tblavailedbenefits` (
  `id` int(11) NOT NULL,
  `memberid` int(11) NOT NULL,
  `benefitsavailed` int(11) NOT NULL,
  `date_of_availment` date NOT NULL,
  `end_of_availment` date NOT NULL
) ENGINE=MyISAM DEFAULT CHARSET=latin1;

-- --------------------------------------------------------

--
-- Table structure for table `tblbenefits`
--

CREATE TABLE `tblbenefits` (
  `id` int(11) NOT NULL,
  `BenefitsDescription` varchar(300) NOT NULL
) ENGINE=MyISAM DEFAULT CHARSET=latin1;

--
-- Dumping data for table `tblbenefits`
--

INSERT INTO `tblbenefits` (`id`, `BenefitsDescription`) VALUES
(1, 'Cash Assistance P 100,000.00'),
(2, 'Free Burial Services(Embalming and Coffin)'),
(3, 'Legal Assistance(Personale Case)'),
(4, 'Hospitalization Allowance P500.00 per day for three(3)days if admitted(Can be used only once)');

-- --------------------------------------------------------

--
-- Table structure for table `tblfamilyrep`
--

CREATE TABLE `tblfamilyrep` (
  `id` int(11) NOT NULL,
  `member_id` int(11) NOT NULL,
  `family_rep_name` varchar(200) NOT NULL,
  `relationship` varchar(200) NOT NULL
) ENGINE=MyISAM DEFAULT CHARSET=latin1;

--
-- Dumping data for table `tblfamilyrep`
--

INSERT INTO `tblfamilyrep` (`id`, `member_id`, `family_rep_name`, `relationship`) VALUES
(1, 1, 'Chandy Bholani-Lao', 'wife'),
(2, 2, 'Jenie Carillo', 'Wife'),
(3, 2, 'Krisstian Carillo', 'Son'),
(4, 3, 'Agustin Carillo', 'Father'),
(5, 3, 'Jenie Carillo', 'Mother'),
(6, 4, 'Agustin Carillo', 'Husband'),
(7, 4, 'Kristian Carillo', 'Son'),
(8, 5, 'Agustin Carillo', 'Father'),
(9, 5, 'Jenie Carillo', 'Mother'),
(332, 5, 'Isiah Lloyd Baconga', 'Husband'),
(11, 6, 'Pepe Baconga', 'Father'),
(12, 6, 'Sarah Baconga', 'Mother'),
(13, 6, 'Sheryl Baconga', 'Wife'),
(14, 7, 'Chuchi Pumatong', 'Wife'),
(15, 8, 'Basilio Pumatong', 'Husband'),
(16, 9, 'Chuchi Pumatong', 'Mother'),
(17, 9, 'Basilio Pumatong', 'Father'),
(18, 10, 'Melba Carillo', 'Daughter'),
(19, 11, 'Norma Carillo', 'Mother'),
(20, 11, 'Agustin Carillo', 'Brother'),
(21, 12, 'Norma Carillo', 'Mother'),
(22, 12, 'Agustin Carillo', 'Brother'),
(23, 13, 'Alliah Adalim', 'Children'),
(24, 13, 'Kimson Angelo Adalim', 'Children'),
(25, 13, 'Alexandra Adalim', 'Children'),
(26, 14, 'Agustin Carillo', 'Brother'),
(27, 14, 'Norma Carillo', 'Mother'),
(28, 15, 'Agustin Carillo', 'Brother'),
(29, 15, 'Norma Carillo', 'Mother'),
(30, 16, 'Bersha Mae Lorigas', 'Daughter'),
(31, 16, 'Bon Bernard Lorigas', 'Grandson'),
(32, 16, 'Jerry Palmares', 'Grandson'),
(33, 17, 'Bernadette Lorigas', 'Mother'),
(34, 17, 'Dharra Wayne Angeles', 'Sister'),
(35, 17, 'Jerry Palmares Jr.', 'Brother'),
(36, 18, 'Angelita Lorigas', 'Wife'),
(37, 18, 'Mark Jefferson Lorigas', 'Son'),
(38, 18, 'JM Lorigas', 'Son'),
(39, 19, 'Bernardo Lorigas Jr.', 'Husband'),
(40, 19, 'Mark Jefferson Lorigas', 'Children'),
(41, 19, 'JM Lorigas', 'Children'),
(42, 20, 'Nimfa Lorigas', 'Mother'),
(43, 20, 'Bernardo Lorigas', 'Father'),
(44, 21, 'Bernard Lorigas', 'Son In Law'),
(45, 22, 'Gerlie Lorigas', 'Wife'),
(46, 22, 'Nimfa Lorigas', 'Mother-in-law'),
(47, 23, 'Bernard Ian Lorigas', 'Husband'),
(48, 23, 'Nimfa Lorigas', 'Mother-in-law'),
(49, 24, 'CHERIE GRACE CALDEO', 'CHILDREN'),
(50, 24, ' JOE VENCI', 'CHILDREN'),
(51, 24, 'TONI ROSE CALDEO', 'CHILDREN'),
(52, 25, 'Jona Tunayan', 'Wife'),
(53, 26, 'LOIDA CALDEO', 'WIFE'),
(54, 26, 'JOE VENVC9 CALDEO', 'SON'),
(55, 26, 'CHIERE GRACE CALDEO', 'DAUGTHER'),
(56, 27, 'LUIS TUNAYAN', 'HUSBAND'),
(57, 27, 'JULIA TUNAYAN', 'DAUGHTER'),
(58, 28, 'EMILY TOLDEO', 'WIFE'),
(59, 29, 'CRISBY TOLEDO', 'HUSBAND'),
(60, 30, 'LINDA NONOT', 'WIFE'),
(61, 30, 'MARY JOY', 'CHILDREN'),
(62, 30, 'SAMUEL JR', 'CHILDREN'),
(63, 31, 'ROSE ANTONNETE DELA SERNA', 'WIFE'),
(64, 31, 'ANTON DELA SERNA', 'SON'),
(65, 32, 'MARC PHILIP', 'HUSBAND'),
(66, 33, 'ALICIA CORDERO', 'WIFE'),
(67, 33, 'KATHLYN ORTEGA', 'DAUGTHER'),
(68, 33, ' RICHARD ORTEGA', 'SON IN LAW'),
(69, 34, 'CHOLIET MORALITA', 'WIFE'),
(70, 35, 'RICHARD ORTEGA', 'PARENTS'),
(71, 35, 'KATHLYN ORTEGA', 'PARENTS'),
(72, 35, 'HEINZ ORTEGA', 'BROTHER'),
(73, 36, 'SAMUEL NONOT', 'HUSBAND'),
(74, 36, 'SAMUEL JR', 'SON'),
(75, 36, 'MARY JOY NONOT', 'DAUGHTER'),
(76, 37, 'MARIVIC MORALITA', 'MOTHER'),
(77, 37, 'FELIPE MORALITA', 'FATHER'),
(78, 37, 'MAVERICK MORALITA', 'BROTHER'),
(79, 38, 'KATHLYN ORTEGA', 'Wife'),
(80, 38, 'HANNAH MISHAL', 'CHILDREN'),
(81, 38, 'HEINZ ORTEGA', 'CHILDREN'),
(82, 39, 'JOTHAM FABRIA', 'SON'),
(83, 39, 'YESHUA FABRIA', 'GRANDSON'),
(84, 40, 'ROY ROLANDO FLORES', 'HUSBAND'),
(85, 41, 'RICHARD ORTEGA', 'HUSBAND'),
(86, 41, 'HANZ RICHMOND', 'CHILDREN'),
(87, 41, 'HEINZ ORTEGA', 'CHILDREN'),
(88, 42, 'RACELLI FLORES', 'WIFE'),
(89, 43, 'RICHARD ORTEGA', 'PARENTS'),
(90, 43, 'KATHLYN ORTEGA', 'PARENTS'),
(91, 43, 'HANNAH ORTEGA', 'SISTER'),
(92, 44, 'HEINZ ORTEGA', 'NEPHEW'),
(93, 44, 'HANNAH ORTEGA', 'NIECE'),
(94, 44, 'SEAN ZALDY ORTEGA', 'NEPHEW'),
(95, 45, 'RICHIE DELA SERNA', 'HUSBAND'),
(96, 45, 'ANTON DELA SERNA', 'SON'),
(97, 46, 'PIAYESHIN, LEANNE ERICH', 'daughter'),
(98, 46, ' LEONA RICHY OINO', 'daughter'),
(99, 47, 'ROY ROLANDO FLORES', 'Father'),
(100, 48, 'PONCIANO SION', 'husband'),
(101, 48, 'JEHU, PRINCESS SION', 'daughter'),
(102, 49, 'LAZARA JR CAMAÑERO', 'Father'),
(103, 49, 'CLARISSA CAMAÑERO', 'Mother'),
(104, 49, 'GLAIZA ROSE CAMAÑERO', 'sister'),
(105, 50, 'ERLINDA ROMERO', 'Mother'),
(106, 50, 'ERNESTO ROMERO', 'Brother'),
(107, 51, 'EXIQUEL JR TALAMPAS', 'husband'),
(108, 51, 'LESTER TALAMPAS', 'son'),
(109, 51, 'KERT TALAMPAS', 'son'),
(110, 52, 'SAMUEL NONOT', 'Father'),
(111, 52, 'LINDA NONOT', 'Mother'),
(112, 52, 'SAMUEL JR. NONOT', 'Brother'),
(113, 53, 'FELOMINA GONZALES', 'Mother'),
(114, 54, 'MADONNA GONZALES', 'daughter'),
(115, 55, 'EMELDA TACHADO', 'wife'),
(116, 55, 'DANIEL TIMOTHY TACHADO', 'son'),
(117, 55, 'ARVIN JAN TACHADO', 'son'),
(118, 56, 'MARIO TACHADO', 'husband'),
(119, 56, 'DANIEL TIMOTHY TACHADO', 'son'),
(120, 56, 'ARVIN JAN TACHADO', 'son'),
(121, 57, 'LIEZEL MELANIO', 'Mother'),
(122, 58, 'JONAS MARTINEZ', 'husband'),
(123, 58, 'KAIZAR JON MARTINEZ', 'son'),
(124, 59, 'JHURY MARTINEZ', 'wife'),
(125, 59, 'KAIZAR JON MARTINEZ', 'son'),
(126, 60, 'JONAS MARTINEZ', 'Father'),
(127, 60, 'JHURY MARTINEZ', 'Mother'),
(128, 61, 'A,OR OLANGO', 'sister'),
(129, 62, 'MA. DULCE CASINELLO', 'wife'),
(130, 62, 'IVAN CASINILLO', 'son'),
(131, 62, 'HAROLD CASINILLO', 'son'),
(132, 63, 'Piayeshin Pino', 'daughter'),
(133, 63, 'Leanne Pino', 'daughter'),
(134, 63, 'Leona Richy Pino', 'daughter'),
(135, 64, 'Runnel', 'daughter'),
(136, 64, 'Neil Kevin Leal', 'daughter'),
(137, 65, 'Sarah Remolado', 'wife'),
(138, 66, 'Glenn Loyola', 'husband'),
(139, 66, 'Glenn Rose Loyola', 'daughter'),
(140, 66, 'Mar Loyola', 'daughter'),
(141, 67, 'Trisjen De Lara ', 'daughter'),
(142, 67, 'Amuesto De Lara', 'husband'),
(143, 68, 'Marivic Dela Rosa', 'wife'),
(144, 68, 'Rjmar Dela Rosa', 'son'),
(145, 68, 'Jhonnah Dela Rosa', 'daughter'),
(146, 69, 'Rosemar Dela Rosa', 'husband'),
(147, 69, 'Marvi Joy Dela Rosa', 'daughter'),
(148, 69, 'Marvi Rose Bercero', 'daughter'),
(149, 70, 'Cecilio Sajol', 'husband'),
(150, 70, 'Shing Sajol', 'child'),
(151, 70, 'Cecil Sajol', 'child'),
(152, 71, 'Emelyn Sajol', 'wife'),
(153, 71, 'Shing', 'child'),
(154, 71, 'Cecil Sajol', 'child'),
(155, 72, 'Emelyn', 'Mother'),
(156, 72, 'Cecilio', 'Father'),
(157, 72, 'Kianna Sajol', 'daughter'),
(158, 73, 'Cecilio', 'Father'),
(159, 73, 'Emelyn', 'Mother'),
(160, 73, 'Cecil James', 'Brother'),
(161, 74, 'Cecil', 'daughter'),
(162, 74, 'Kianna', 'daughter'),
(163, 74, 'Emelyn Sajol', 'Mother'),
(164, 75, 'Raul Gorial', 'husband'),
(165, 75, 'Angel Faith', 'child'),
(166, 75, 'Jailord', 'son'),
(167, 76, 'Editha Gorial', 'wife'),
(168, 76, 'Angel Faith', 'child'),
(169, 76, 'Jarord', 'child'),
(170, 77, 'Marcial Bayron', 'husband'),
(171, 77, 'Cherry Clair Bayron', 'daughter'),
(172, 78, 'Leticia Bayron', 'wife'),
(173, 78, 'Cherry Clair Bayron', 'daughter'),
(174, 79, 'Scotte', 'grand-son'),
(175, 79, 'Tristan Mancao', 'grand-son'),
(176, 79, 'Ronald Mancao', 'son'),
(177, 80, 'Scotte', 'grand-son'),
(178, 80, 'Tristan', 'grand-son'),
(179, 80, 'Ronald', 'son'),
(180, 81, 'Jeffrey Gimena', 'son'),
(181, 82, 'Liberato Bation', 'Father'),
(182, 82, 'Adrian Bation', 'son'),
(183, 83, 'Roniel', 'son'),
(184, 83, 'Nelsbert Salcedo', 'son'),
(185, 83, 'Melissa Salcedo', 'daughter-in-law'),
(186, 84, 'Richard Absuelo', 'husband'),
(187, 84, 'Cathy Mayol', 'niece'),
(188, 85, 'Joan Pontejo', 'sister'),
(189, 85, 'Domingo Pontejo', 'brother-in-law'),
(190, 86, 'Carmelita Absuelo', 'wife'),
(191, 86, 'Lianna Absuelo', 'daughter'),
(192, 87, 'Cathy Mayol', 'niece'),
(193, 87, 'Carmelita Absuelo', 'sister'),
(194, 88, 'Teresita Amomonpon', 'Mother'),
(195, 89, 'Dionrie', 'son'),
(196, 89, 'Ed Victor', 'son'),
(197, 90, 'Teresita', 'Mother'),
(198, 91, 'Teresita', 'Mother'),
(199, 92, 'Alejandro Tagupa', 'husband'),
(200, 92, 'Jean Jean', 'child'),
(201, 92, 'John Hope', 'child'),
(202, 93, 'Hilario', 'Father'),
(203, 93, 'Marilyn', 'Mother'),
(204, 94, 'Oliver Maribao', 'son'),
(205, 94, 'Marilyn Maribao', 'wife'),
(206, 95, 'Hilario Maribao', 'husband'),
(207, 95, 'Lordsun', 'son'),
(208, 96, 'Ryan Hart Balagag', 'husband'),
(209, 96, 'Marilyn', 'Mother'),
(210, 96, 'Hilario', 'Father'),
(211, 97, 'Hilario', 'Father'),
(212, 97, 'Marilyn', 'Mother'),
(213, 98, 'Marilyn Maribao', 'Mother'),
(214, 98, 'Reymark Polinar', 'husband'),
(215, 99, 'Teresita Amomonpon', 'Mother'),
(216, 100, 'Genelyn Balaba', 'wife'),
(217, 101, 'Dustin Jay Almendras', 'child'),
(218, 101, 'Eljie Mae Labanon', 'child'),
(219, 101, 'Lae Micah Labanon', 'child'),
(220, 102, 'Rudilio Estoque', 'husband'),
(221, 102, 'Honnie Mae Erleo Estoque', 'child'),
(222, 103, 'Leonita Estoque', 'wife'),
(223, 103, 'Rudillo Estoque', 'son'),
(224, 104, 'Ernesto Estoque', 'husband'),
(225, 104, 'Teache Estoque', 'daughter'),
(226, 105, 'Antero Jr Intencia', 'husband'),
(227, 105, 'Ma. Annafe Intencia', 'daughter'),
(228, 105, 'Excel Dane Caberio', 'grand-son'),
(229, 106, 'Cleofe Intencia', 'wife'),
(230, 106, 'Ma. Annafe Intencia', 'son'),
(231, 106, 'Excel Dane Caberio', 'grand-son'),
(232, 107, 'Excel Dane Caberio', 'son'),
(233, 107, 'Jerome Caberio', 'Live in Partner'),
(234, 107, 'Cleofe Intencia', 'Mother'),
(235, 108, 'Bryan  Bacorro', 'son'),
(236, 108, 'Antunita Bacorro', 'Mother'),
(237, 108, 'Jaime Vinzon', 'Live in Partner'),
(238, 109, 'Marissa Villasorda', 'wife'),
(239, 109, 'Aerone Jary Villasorda', 'child'),
(240, 109, 'Crishia Faith Villasorda', 'child'),
(241, 110, 'Sonia Abecia', 'wife'),
(242, 110, 'Roger', 'child'),
(243, 110, 'Marie Grace Abecia', 'child'),
(244, 111, 'Allen Baslan', 'husband'),
(245, 111, 'Dee Wade', 'son'),
(246, 112, 'Regelio Abecia', 'husband'),
(247, 112, 'Roger Abecia', 'child'),
(248, 112, 'Marie Grace Abecia', 'child'),
(249, 113, 'Mary Grace Villasorda', 'Live in Partner'),
(250, 113, 'Honnie Mae Estoque', 'child'),
(251, 113, 'Erleo Estoque', 'child'),
(252, 114, 'Steven Sean Sescon', 'son'),
(253, 114, 'Stephen Dave Sescon', 'son'),
(254, 114, 'Josephine Sescon', 'wife'),
(255, 115, 'Darwin Sescon', 'husband'),
(256, 115, 'Steven Sean', 'son'),
(257, 115, 'Stephen Dave', 'son'),
(258, 116, 'Jofren', 'child'),
(259, 116, 'Shiela', 'child'),
(260, 116, 'Dino', 'child'),
(261, 117, 'Jofren', 'child'),
(262, 117, 'Shiela', 'child'),
(263, 117, 'Dino', 'child'),
(264, 118, 'John Mark', 'son'),
(265, 118, 'Dave Jazz', 'son'),
(266, 118, 'Gabriel', 'son'),
(267, 119, 'Dave Jazz', 'son'),
(268, 119, 'Gabriel', 'son'),
(269, 119, 'Prince Julianne', 'son'),
(270, 120, 'Ritchel Paculba', 'child'),
(271, 120, 'John Lester', 'son'),
(272, 121, 'Ritchel Paculba', 'child'),
(273, 121, 'John Lester Padojelaga', 'child'),
(274, 122, 'Princess Jane Cea', 'child'),
(275, 122, 'Daniella', 'child'),
(276, 122, 'Jareynd Tanio', 'child'),
(277, 123, 'Jackelin Tanio', 'wife'),
(278, 124, 'Carmela Salvaña', 'child'),
(279, 124, 'John Paul Mayol', 'child'),
(280, 124, 'Clark Ian Salvaña', 'grand-son'),
(281, 125, 'Clark Ian', 'child'),
(282, 125, 'Queenie Angel', 'child'),
(283, 125, 'Christian', 'child'),
(284, 126, 'Teresita Mayol', 'grand-mother'),
(285, 126, 'Carmela', 'Mother'),
(286, 126, 'Ricardo', 'Father'),
(287, 127, 'Carmela Salvaña', 'Mother'),
(288, 127, 'Teresita Mayol', 'grand-mother'),
(289, 127, 'Clark Ian Salvaña', 'Brother'),
(290, 128, 'Carmela', 'Mother'),
(291, 128, 'Ricardo', 'Father'),
(292, 128, 'Teresita Mayol', 'grand-mother'),
(293, 129, 'Janwhine', 'child'),
(294, 129, 'Jerald', 'child'),
(295, 129, 'Jemar', 'child'),
(296, 130, 'Hayden Camay', 'Brother'),
(297, 131, 'Rosalino Bahian', 'husband'),
(298, 131, 'Mary Ann Llagas', 'child'),
(299, 131, 'Arjay Bahian', 'child'),
(300, 132, 'Josephine', 'Mother'),
(301, 132, 'Rosalino', 'Father'),
(302, 133, 'Salvacion Blanela', 'Mother'),
(303, 133, 'Karen Angel', 'sister'),
(304, 133, 'Klevin Blanela', 'Brother'),
(305, 134, 'Salvacion Blanela', 'Mother'),
(306, 134, 'Love Kent', 'Brother'),
(307, 134, 'Klevin', 'Brother'),
(308, 135, 'Eleonora Blanela', 'wife'),
(309, 135, 'Christian Gem', 'son'),
(310, 135, 'Enzo', 'son'),
(311, 136, 'Keneville', 'husband'),
(312, 136, 'Christian Gem', 'son'),
(313, 136, 'Enzo', 'son'),
(314, 137, 'Keneville', 'Father'),
(315, 137, 'Eleonora', 'Mother'),
(316, 137, 'Enzo', 'Brother'),
(317, 138, 'Keneville', 'Father'),
(318, 138, 'Eleonora', 'Mother'),
(319, 138, 'Christian Gem', 'Brother'),
(320, 139, 'Meme Robles', 'sister'),
(321, 140, 'Maricar Bala', 'wife'),
(322, 140, 'Ken Shane Pete', 'son'),
(323, 140, 'Shange Justin', 'son'),
(324, 141, 'Peter Bala', 'husband'),
(325, 141, 'Ken Shane Pete', 'son'),
(326, 141, 'Shane Justin', 'son'),
(327, 142, 'Maricar', 'Mother'),
(328, 142, 'Peter', 'Father'),
(329, 142, 'Shane Justin', 'Brother'),
(330, 143, 'Rufina Daguan', 'grand-mother'),
(331, 143, 'Kirk Nanale', 'Brother');

-- --------------------------------------------------------

--
-- Table structure for table `tblmember`
--

CREATE TABLE `tblmember` (
  `id` int(11) NOT NULL,
  `last_name` varchar(40) NOT NULL,
  `first_name` text NOT NULL,
  `mid_name` text NOT NULL,
  `province_id` int(11) NOT NULL,
  `city_municipality_id` int(11) NOT NULL,
  `barangay` int(11) NOT NULL,
  `zone` text,
  `street` text,
  `birthdate` date DEFAULT NULL,
  `age` int(4) DEFAULT NULL,
  `religion` text,
  `Contact_Number` int(14) DEFAULT NULL,
  `occupation` text,
  `civil_status` text,
  `Gender` text NOT NULL,
  `RefBy` text NOT NULL,
  `RefNumber` int(15) NOT NULL,
  `Coordinator` text NOT NULL,
  `coorNumber` int(40) NOT NULL
) ENGINE=MyISAM DEFAULT CHARSET=latin1;

--
-- Dumping data for table `tblmember`
--

INSERT INTO `tblmember` (`id`, `last_name`, `first_name`, `mid_name`, `province_id`, `city_municipality_id`, `barangay`, `zone`, `street`, `birthdate`, `age`, `religion`, `Contact_Number`, `occupation`, `civil_status`, `Gender`, `RefBy`, `RefNumber`, `Coordinator`, `coorNumber`) VALUES
(106, 'lao xx', 'bonn ryan', 'D', 16, 16, 9, 'zone 2', ' mahogany street', '2021-12-02', 41, 'RC', 90909, 'web dev', 'S', 'male', 'Sir Lao', 909, '3', 90909),
(105, 'Odal dalo', 'Sean Paul', 'bruno', 16, 16, 8, ' NULL', '  NULL', '1994-11-01', 27, 'RC', 90909, 'web dev', 'M', 'male', 'Sir Lao', 909, '3', 90909),
(104, 'Pagara', 'Ricky', 'Icayan', 16, 16, 8, 'zone 2', ' sabalo street', '1998-05-20', 24, 'RC', 90901, 'web dev', 'S', 'male', 'Sir Lao', 909, '3', 90909);

-- --------------------------------------------------------

--
-- Table structure for table `tblpayment`
--

CREATE TABLE `tblpayment` (
  `id` int(11) NOT NULL,
  `dateofpayment` date NOT NULL,
  `yearofpayment` varchar(200) NOT NULL,
  `typeofpayment` int(11) NOT NULL,
  `payerid` int(11) NOT NULL,
  `coorid` int(11) NOT NULL,
  `status` int(11) NOT NULL,
  `resetStats` int(11) NOT NULL
) ENGINE=MyISAM DEFAULT CHARSET=latin1;

--
-- Dumping data for table `tblpayment`
--

INSERT INTO `tblpayment` (`id`, `dateofpayment`, `yearofpayment`, `typeofpayment`, `payerid`, `coorid`, `status`, `resetStats`) VALUES
(1, '2021-07-10', '', 1, 2, 1, 0, 0),
(2, '2021-08-10', '', 1, 2, 1, 0, 0),
(3, '2021-09-10', '', 1, 2, 1, 0, 0),
(4, '2021-10-10', '', 1, 2, 1, 0, 0),
(5, '2021-11-10', '', 1, 2, 1, 0, 0),
(6, '2021-12-10', '', 1, 2, 1, 0, 0),
(7, '2022-01-10', '', 1, 2, 1, 0, 0),
(8, '2022-02-10', '', 1, 2, 1, 0, 0),
(9, '2022-03-10', '', 1, 2, 1, 0, 0),
(10, '2022-04-10', '', 1, 2, 1, 0, 0),
(11, '2022-05-10', '', 1, 2, 1, 0, 0),
(14, '2021-07-10', '', 2, 2, 1, 0, 0),
(15, '2021-07-10', '', 1, 3, 1, 0, 0),
(16, '2021-08-10', '', 1, 3, 1, 0, 0),
(17, '2021-09-10', '', 1, 3, 1, 0, 0),
(18, '2021-10-10', '', 1, 3, 1, 0, 0),
(19, '2021-11-10', '', 1, 3, 1, 0, 0),
(20, '2021-12-10', '', 1, 3, 1, 0, 0),
(21, '2022-01-10', '', 1, 3, 1, 0, 0),
(22, '2022-02-10', '', 1, 3, 1, 0, 0),
(23, '2022-03-10', '', 1, 3, 1, 0, 0),
(24, '2022-04-10', '', 1, 3, 1, 0, 0),
(25, '2022-05-10', '', 1, 3, 1, 0, 0),
(28, '2021-07-10', '', 2, 3, 1, 0, 0),
(29, '2021-07-10', '', 1, 4, 1, 0, 0),
(30, '2021-08-10', '', 1, 4, 1, 0, 0),
(31, '2021-09-10', '', 1, 4, 1, 0, 0),
(32, '2021-10-10', '', 1, 4, 1, 0, 0),
(33, '2021-11-10', '', 1, 4, 1, 0, 0),
(34, '2021-12-10', '', 1, 4, 1, 0, 0),
(35, '2022-01-10', '', 1, 4, 1, 0, 0),
(36, '2022-02-10', '', 1, 4, 1, 0, 0),
(37, '2022-03-10', '', 1, 4, 1, 0, 0),
(38, '2022-04-10', '', 1, 4, 1, 0, 0),
(39, '2022-05-10', '', 1, 4, 1, 0, 0),
(42, '2021-07-10', '', 2, 4, 1, 0, 0),
(43, '2021-07-10', '', 1, 5, 1, 0, 0),
(44, '2021-08-10', '', 1, 5, 1, 0, 0),
(45, '2021-09-10', '', 1, 5, 1, 0, 0),
(46, '2021-10-10', '', 1, 5, 1, 0, 0),
(47, '2021-11-10', '', 1, 5, 1, 0, 0),
(48, '2021-12-10', '', 1, 5, 1, 0, 0),
(49, '2022-01-10', '', 1, 5, 1, 0, 0),
(50, '2022-02-10', '', 1, 5, 1, 0, 0),
(51, '2022-03-10', '', 1, 5, 1, 0, 0),
(52, '2022-04-10', '', 1, 5, 1, 0, 0),
(53, '2022-05-10', '', 1, 5, 1, 0, 0),
(56, '2021-07-10', '', 2, 5, 1, 0, 0),
(57, '2021-07-10', '', 1, 6, 1, 0, 0),
(58, '2021-08-10', '', 1, 6, 1, 0, 0),
(59, '2021-09-10', '', 1, 6, 1, 0, 0),
(60, '2021-10-10', '', 1, 6, 1, 0, 0),
(61, '2021-11-10', '', 1, 6, 1, 0, 0),
(62, '2021-12-10', '', 1, 6, 1, 0, 0),
(63, '2022-01-10', '', 1, 6, 1, 0, 0),
(64, '2022-02-10', '', 1, 6, 1, 0, 0),
(65, '2022-03-10', '', 1, 6, 1, 0, 0),
(66, '2022-04-10', '', 1, 6, 1, 0, 0),
(67, '2022-05-10', '', 1, 6, 1, 0, 0),
(70, '2021-07-10', '', 2, 6, 1, 0, 0),
(71, '2021-07-10', '', 1, 7, 1, 0, 0),
(72, '2021-07-10', '', 2, 7, 1, 0, 0),
(73, '2021-07-10', '', 1, 8, 1, 0, 0),
(74, '2021-08-10', '', 1, 8, 1, 0, 0),
(75, '2021-09-10', '', 1, 8, 1, 0, 0),
(76, '2021-10-10', '', 1, 8, 1, 0, 0),
(77, '2021-11-10', '', 1, 8, 1, 0, 0),
(78, '2021-11-10', '', 2, 8, 1, 0, 0),
(79, '2021-07-10', '', 1, 9, 1, 0, 0),
(80, '2021-08-10', '', 1, 9, 1, 0, 0),
(81, '2021-09-10', '', 1, 9, 1, 0, 0),
(82, '2021-10-10', '', 1, 9, 1, 0, 0),
(83, '2021-11-10', '', 1, 9, 1, 0, 0),
(84, '2021-11-10', '', 2, 9, 1, 0, 0),
(85, '2021-07-10', '', 1, 10, 1, 0, 0),
(86, '2021-07-10', '', 2, 10, 1, 0, 0),
(87, '2021-07-10', '', 1, 11, 1, 0, 0),
(88, '2021-08-10', '', 1, 11, 1, 0, 0),
(89, '2021-09-10', '', 1, 11, 1, 0, 0),
(90, '2021-10-10', '', 1, 11, 1, 0, 0),
(91, '2021-11-10', '', 1, 11, 1, 0, 0),
(92, '2021-12-10', '', 1, 11, 1, 0, 0),
(93, '2022-01-10', '', 1, 11, 1, 0, 0),
(94, '2022-02-10', '', 1, 11, 1, 0, 0),
(95, '2022-03-10', '', 1, 11, 1, 0, 0),
(96, '2022-04-10', '', 1, 11, 1, 0, 0),
(97, '2022-05-10', '', 1, 11, 1, 0, 0),
(100, '2021-07-10', '', 2, 11, 1, 0, 0),
(101, '2021-07-10', '', 1, 12, 1, 0, 0),
(102, '2021-08-10', '', 1, 12, 1, 0, 0),
(103, '2021-09-10', '', 1, 12, 1, 0, 0),
(104, '2021-10-10', '', 1, 12, 1, 0, 0),
(105, '2021-11-10', '', 1, 12, 1, 0, 0),
(106, '2021-12-10', '', 1, 12, 1, 0, 0),
(107, '2022-01-10', '', 1, 12, 1, 0, 0),
(108, '2022-02-10', '', 1, 12, 1, 0, 0),
(109, '2022-03-10', '', 1, 12, 1, 0, 0),
(110, '2022-04-10', '', 1, 12, 1, 0, 0),
(113, '2021-07-10', '', 2, 12, 1, 0, 0),
(114, '2021-07-10', '', 1, 13, 1, 0, 0),
(115, '2021-07-10', '', 2, 13, 1, 0, 0),
(116, '2021-07-10', '', 1, 14, 1, 0, 0),
(117, '2021-08-10', '', 1, 14, 1, 0, 0),
(118, '2021-09-10', '', 1, 14, 1, 0, 0),
(119, '2021-10-10', '', 1, 14, 1, 0, 0),
(120, '2021-11-10', '', 1, 14, 1, 0, 0),
(121, '2021-12-10', '', 1, 14, 1, 0, 0),
(122, '2022-01-10', '', 1, 14, 1, 0, 0),
(123, '2022-02-10', '', 1, 14, 1, 0, 0),
(124, '2022-03-10', '', 1, 14, 1, 0, 0),
(125, '2022-04-10', '', 1, 14, 1, 0, 0),
(126, '2022-05-10', '', 1, 14, 1, 0, 0),
(129, '2021-07-10', '', 2, 14, 1, 0, 0),
(130, '2021-07-10', '', 1, 15, 1, 0, 0),
(131, '2021-08-10', '', 1, 15, 1, 0, 0),
(132, '2021-09-10', '', 1, 15, 1, 0, 0),
(133, '2021-10-10', '', 1, 15, 1, 0, 0),
(134, '2021-11-10', '', 1, 15, 1, 0, 0),
(135, '2021-12-10', '', 1, 15, 1, 0, 0),
(136, '2022-01-10', '', 1, 15, 1, 0, 0),
(137, '2022-02-10', '', 1, 15, 1, 0, 0),
(138, '2022-03-10', '', 1, 15, 1, 0, 0),
(139, '2022-04-10', '', 1, 15, 1, 0, 0),
(140, '2022-05-10', '', 1, 15, 1, 0, 0),
(834, '2022-02-26', '', 1, 29, 1, 0, 0),
(143, '2021-07-10', '', 2, 15, 1, 0, 0),
(144, '2021-07-21', '', 1, 16, 1, 0, 0),
(145, '2021-08-21', '', 1, 16, 1, 0, 0),
(146, '2021-09-21', '', 1, 16, 1, 0, 0),
(147, '2021-10-21', '', 1, 16, 1, 0, 0),
(148, '2021-10-21', '', 2, 16, 1, 0, 0),
(149, '2021-07-21', '', 1, 17, 1, 0, 0),
(150, '2021-08-21', '', 1, 17, 1, 0, 0),
(151, '2021-09-21', '', 1, 17, 1, 0, 0),
(152, '2021-09-21', '', 2, 17, 1, 0, 0),
(153, '2021-07-21', '', 1, 18, 1, 0, 0),
(154, '2021-07-21', '', 2, 18, 1, 0, 0),
(155, '2021-07-21', '', 1, 19, 1, 0, 0),
(156, '2021-07-21', '', 2, 19, 1, 0, 0),
(157, '2021-07-21', '', 1, 20, 1, 0, 0),
(158, '2021-07-21', '', 2, 20, 1, 0, 0),
(159, '2021-07-21', '', 1, 21, 1, 0, 0),
(160, '2021-07-21', '', 2, 21, 1, 0, 0),
(161, '2021-07-21', '', 1, 22, 1, 0, 0),
(162, '2021-07-21', '', 2, 22, 1, 0, 0),
(163, '2021-07-21', '', 1, 23, 1, 0, 0),
(164, '2021-07-21', '', 2, 23, 1, 0, 0),
(165, '2021-07-11', '', 1, 24, 1, 0, 0),
(166, '2021-08-11', '', 1, 24, 1, 0, 0),
(167, '2021-09-11', '', 1, 24, 1, 0, 0),
(168, '2021-10-11', '', 1, 24, 1, 0, 0),
(169, '2021-11-11', '', 1, 24, 1, 0, 0),
(170, '2021-12-11', '', 1, 24, 1, 0, 0),
(171, '2021-12-11', '', 2, 24, 1, 0, 0),
(172, '2021-07-25', '', 1, 25, 1, 0, 0),
(173, '2021-08-25', '', 1, 25, 1, 0, 0),
(174, '2021-09-25', '', 1, 25, 1, 0, 0),
(175, '2021-10-25', '', 1, 25, 1, 0, 0),
(176, '2021-11-25', '', 1, 25, 1, 0, 0),
(177, '2021-12-25', '', 1, 25, 1, 0, 0),
(178, '2021-12-25', '', 2, 25, 1, 0, 0),
(179, '2021-07-11', '', 1, 26, 1, 0, 0),
(180, '2021-08-11', '', 1, 26, 1, 0, 0),
(181, '2021-09-11', '', 1, 26, 1, 0, 0),
(182, '2021-10-11', '', 1, 26, 1, 0, 0),
(183, '2021-11-11', '', 1, 26, 1, 0, 0),
(184, '2021-12-11', '', 1, 26, 1, 0, 0),
(185, '2021-12-11', '', 2, 26, 1, 0, 0),
(186, '2021-07-25', '', 1, 27, 1, 0, 0),
(187, '2021-08-25', '', 1, 27, 1, 0, 0),
(188, '2021-09-25', '', 1, 27, 1, 0, 0),
(189, '2021-10-25', '', 1, 27, 1, 0, 0),
(190, '2021-11-25', '', 1, 27, 1, 0, 0),
(191, '2021-12-25', '', 1, 27, 1, 0, 0),
(192, '2021-12-25', '', 2, 27, 1, 0, 0),
(193, '2021-08-29', '', 1, 28, 1, 0, 0),
(194, '2021-09-29', '', 1, 28, 1, 0, 0),
(195, '2021-10-29', '', 1, 28, 1, 0, 0),
(196, '2021-11-29', '', 1, 28, 1, 0, 0),
(197, '2021-12-29', '', 1, 28, 1, 0, 0),
(198, '2022-01-29', '', 1, 28, 1, 0, 0),
(199, '2022-02-28', '', 1, 28, 1, 0, 0),
(200, '2022-02-28', '', 2, 28, 1, 0, 0),
(201, '2021-08-26', '', 1, 29, 1, 0, 0),
(202, '2021-09-26', '', 1, 29, 1, 0, 0),
(203, '2021-10-26', '', 1, 29, 1, 0, 0),
(204, '2021-11-26', '', 1, 29, 1, 0, 0),
(205, '2021-12-26', '', 1, 29, 1, 0, 0),
(206, '2022-01-26', '', 1, 29, 1, 0, 0),
(207, '2021-08-26', '', 2, 29, 1, 0, 0),
(208, '2021-07-08', '', 1, 30, 1, 0, 0),
(209, '2021-08-08', '', 1, 30, 1, 0, 0),
(210, '2021-09-08', '', 1, 30, 1, 0, 0),
(211, '2021-10-08', '', 1, 30, 1, 0, 0),
(212, '2021-11-08', '', 1, 30, 1, 0, 0),
(213, '2021-12-08', '', 1, 30, 1, 0, 0),
(214, '2021-12-08', '', 2, 30, 1, 0, 0),
(215, '2021-07-15', '', 1, 31, 1, 0, 0),
(216, '2021-08-15', '', 1, 31, 1, 0, 0),
(217, '2021-09-15', '', 1, 31, 1, 0, 0),
(218, '2021-10-15', '', 1, 31, 1, 0, 0),
(219, '2021-11-15', '', 1, 31, 1, 0, 0),
(220, '2021-12-15', '', 1, 31, 1, 0, 0),
(221, '2022-01-15', '', 1, 31, 1, 0, 0),
(222, '2022-02-15', '', 1, 31, 1, 0, 0),
(223, '2022-03-15', '', 1, 31, 1, 0, 0),
(224, '2022-04-15', '', 1, 31, 1, 0, 0),
(225, '2022-05-15', '', 1, 31, 1, 0, 0),
(226, '2022-05-15', '', 2, 31, 1, 0, 0),
(227, '2021-07-04', '', 1, 32, 1, 0, 0),
(228, '2021-08-04', '', 1, 32, 1, 0, 0),
(229, '2021-09-04', '', 1, 32, 1, 0, 0),
(230, '2021-10-04', '', 1, 32, 1, 0, 0),
(231, '2021-11-04', '', 1, 32, 1, 0, 0),
(232, '2021-12-04', '', 1, 32, 1, 0, 0),
(233, '2021-12-04', '', 2, 32, 1, 0, 0),
(234, '2021-07-26', '', 1, 33, 1, 0, 0),
(235, '2021-08-26', '', 1, 33, 1, 0, 0),
(236, '2021-09-26', '', 1, 33, 1, 0, 0),
(237, '2021-10-26', '', 1, 33, 1, 0, 0),
(238, '2021-11-26', '', 1, 33, 1, 0, 0),
(239, '2021-12-26', '', 1, 33, 1, 0, 0),
(240, '2022-01-26', '', 1, 33, 1, 0, 0),
(241, '2022-02-26', '', 1, 33, 1, 0, 0),
(242, '2022-02-26', '', 2, 33, 1, 0, 0),
(243, '2021-07-04', '', 1, 34, 1, 0, 0),
(244, '2021-08-04', '', 1, 34, 1, 0, 0),
(245, '2021-09-04', '', 1, 34, 1, 0, 0),
(246, '2021-10-04', '', 1, 34, 1, 0, 0),
(247, '2021-11-04', '', 1, 34, 1, 0, 0),
(248, '2021-12-04', '', 1, 34, 1, 0, 0),
(249, '2021-12-04', '', 2, 34, 1, 0, 0),
(250, '2021-07-26', '', 1, 35, 1, 0, 0),
(251, '2021-08-26', '', 1, 35, 1, 0, 0),
(252, '2021-09-26', '', 1, 35, 1, 0, 0),
(253, '2021-10-26', '', 1, 35, 1, 0, 0),
(254, '2021-11-26', '', 1, 35, 1, 0, 0),
(255, '2021-12-26', '', 1, 35, 1, 0, 0),
(256, '2022-01-26', '', 1, 35, 1, 0, 0),
(257, '2022-02-26', '', 1, 35, 1, 0, 0),
(258, '2022-02-26', '', 2, 35, 1, 0, 0),
(259, '2021-07-23', '', 1, 36, 1, 0, 0),
(260, '2021-08-23', '', 1, 36, 1, 0, 0),
(261, '2021-09-23', '', 1, 36, 1, 0, 0),
(262, '2021-10-23', '', 1, 36, 1, 0, 0),
(263, '2021-11-23', '', 1, 36, 1, 0, 0),
(264, '2021-12-23', '', 1, 36, 1, 0, 0),
(265, '2021-12-23', '', 2, 36, 1, 0, 0),
(266, '2021-07-04', '', 1, 37, 1, 0, 0),
(267, '2021-08-04', '', 1, 37, 1, 0, 0),
(268, '2021-09-04', '', 1, 37, 1, 0, 0),
(269, '2021-10-04', '', 1, 37, 1, 0, 0),
(270, '2021-11-04', '', 1, 37, 1, 0, 0),
(271, '2021-12-04', '', 1, 37, 1, 0, 0),
(272, '2022-01-04', '', 1, 37, 1, 0, 0),
(273, '2022-02-04', '', 1, 37, 1, 0, 0),
(274, '2022-03-04', '', 1, 37, 1, 0, 0),
(275, '2022-04-04', '', 1, 37, 1, 0, 0),
(276, '2022-05-04', '', 1, 37, 1, 0, 0),
(277, '2022-05-04', '', 2, 37, 1, 0, 0),
(278, '2021-07-26', '', 1, 38, 1, 0, 0),
(279, '2021-08-26', '', 1, 38, 1, 0, 0),
(280, '2021-09-26', '', 1, 38, 1, 0, 0),
(281, '2021-10-26', '', 1, 38, 1, 0, 0),
(282, '2021-11-26', '', 1, 38, 1, 0, 0),
(283, '2021-12-26', '', 1, 38, 1, 0, 0),
(284, '2022-01-26', '', 1, 38, 1, 0, 0),
(285, '2022-02-26', '', 1, 38, 1, 0, 0),
(286, '2022-02-26', '', 2, 38, 1, 0, 0),
(287, '2021-07-11', '', 1, 39, 1, 0, 1),
(288, '2021-08-11', '', 1, 39, 1, 0, 1),
(289, '2021-09-11', '', 1, 39, 1, 0, 1),
(290, '2021-10-11', '', 1, 39, 1, 0, 1),
(291, '2021-11-11', '', 1, 39, 1, 0, 1),
(292, '2021-12-11', '', 1, 39, 1, 0, 1),
(293, '2022-01-11', '', 1, 39, 1, 0, 1),
(294, '2022-02-11', '', 1, 39, 1, 0, 1),
(295, '2022-03-11', '', 1, 39, 1, 0, 1),
(296, '2022-04-11', '', 1, 39, 1, 0, 1),
(297, '2022-05-11', '', 1, 39, 1, 0, 1),
(298, '2022-06-11', '', 1, 39, 1, 0, 1),
(299, '2022-06-11', '', 2, 39, 1, 0, 1),
(300, '2021-09-12', '', 1, 40, 1, 0, 0),
(301, '2021-10-12', '', 1, 40, 1, 0, 0),
(302, '2021-11-12', '', 1, 40, 1, 0, 0),
(303, '2021-12-12', '', 1, 40, 1, 0, 0),
(304, '2021-12-12', '', 2, 40, 1, 0, 0),
(305, '2021-07-26', '', 1, 41, 1, 0, 0),
(306, '2021-08-26', '', 1, 41, 1, 0, 0),
(307, '2021-09-26', '', 1, 41, 1, 0, 0),
(308, '2021-10-26', '', 1, 41, 1, 0, 0),
(309, '2021-11-26', '', 1, 41, 1, 0, 0),
(310, '2021-12-26', '', 1, 41, 1, 0, 0),
(311, '2022-01-26', '', 1, 41, 1, 0, 0),
(312, '2022-02-26', '', 1, 41, 1, 0, 0),
(313, '2022-02-26', '', 2, 41, 1, 0, 0),
(314, '2021-09-12', '', 1, 42, 1, 0, 0),
(315, '2021-10-12', '', 1, 42, 1, 0, 0),
(316, '2021-11-12', '', 1, 42, 1, 0, 0),
(317, '2021-12-12', '', 1, 42, 1, 0, 0),
(318, '2021-12-12', '', 2, 42, 1, 0, 0),
(319, '2021-07-26', '', 1, 43, 1, 0, 0),
(320, '2021-08-26', '', 1, 43, 1, 0, 0),
(321, '2021-09-26', '', 1, 43, 1, 0, 0),
(322, '2021-10-26', '', 1, 43, 1, 0, 0),
(323, '2021-11-26', '', 1, 43, 1, 0, 0),
(324, '2021-12-26', '', 1, 43, 1, 0, 0),
(325, '2022-01-26', '', 1, 43, 1, 0, 0),
(326, '2022-02-26', '', 1, 43, 1, 0, 0),
(327, '2022-02-26', '', 2, 43, 1, 0, 0),
(328, '2021-07-15', '', 1, 44, 1, 0, 0),
(329, '2021-08-15', '', 1, 44, 1, 0, 0),
(330, '2021-09-15', '', 1, 44, 1, 0, 0),
(331, '2021-10-15', '', 1, 44, 1, 0, 0),
(332, '2021-11-15', '', 1, 44, 1, 0, 0),
(333, '2021-12-15', '', 1, 44, 1, 0, 0),
(334, '2022-01-15', '', 1, 44, 1, 0, 0),
(335, '2022-02-15', '', 1, 44, 1, 0, 0),
(336, '2022-03-15', '', 1, 44, 1, 0, 0),
(337, '2022-04-15', '', 1, 44, 1, 0, 0),
(338, '2022-04-15', '', 2, 44, 1, 0, 0),
(339, '2021-07-15', '', 1, 45, 1, 0, 0),
(340, '2021-08-15', '', 1, 45, 1, 0, 0),
(341, '2021-09-15', '', 1, 45, 1, 0, 0),
(342, '2021-10-15', '', 1, 45, 1, 0, 0),
(343, '2021-11-15', '', 1, 45, 1, 0, 0),
(344, '2021-12-15', '', 1, 45, 1, 0, 0),
(345, '2022-01-15', '', 1, 45, 1, 0, 0),
(346, '2022-02-15', '', 1, 45, 1, 0, 0),
(347, '2022-03-15', '', 1, 45, 1, 0, 0),
(348, '2022-04-15', '', 1, 45, 1, 0, 0),
(349, '2022-05-15', '', 1, 45, 1, 0, 0),
(350, '2022-05-15', '', 2, 45, 1, 0, 0),
(351, '2021-08-24', '', 1, 46, 1, 0, 0),
(352, '2021-09-24', '', 1, 46, 1, 0, 0),
(353, '2021-10-24', '', 1, 46, 1, 0, 0),
(354, '2021-11-24', '', 1, 46, 1, 0, 0),
(355, '2021-11-24', '', 2, 46, 1, 0, 0),
(356, '2021-09-12', '', 1, 47, 1, 0, 0),
(357, '2021-10-12', '', 1, 47, 1, 0, 0),
(358, '2021-11-12', '', 1, 47, 1, 0, 0),
(359, '2021-12-12', '', 1, 47, 1, 0, 0),
(360, '2021-12-12', '', 2, 47, 1, 0, 0),
(361, '2021-07-25', '', 1, 48, 1, 0, 0),
(362, '2021-08-25', '', 1, 48, 1, 0, 0),
(363, '2021-09-25', '', 1, 48, 1, 0, 0),
(364, '2021-10-25', '', 1, 48, 1, 0, 0),
(365, '2021-11-25', '', 1, 48, 1, 0, 0),
(366, '2021-11-25', '', 2, 48, 1, 0, 0),
(367, '2021-07-25', '', 1, 49, 1, 0, 1),
(368, '2021-08-25', '', 1, 49, 1, 0, 1),
(369, '2021-09-25', '', 1, 49, 1, 0, 1),
(370, '2021-10-25', '', 1, 49, 1, 0, 1),
(371, '2021-11-25', '', 1, 49, 1, 0, 1),
(372, '2021-12-25', '', 1, 49, 1, 0, 1),
(373, '2022-01-25', '', 1, 49, 1, 0, 1),
(374, '2022-02-25', '', 1, 49, 1, 0, 1),
(375, '2022-03-25', '', 1, 49, 1, 0, 1),
(376, '2022-04-25', '', 1, 49, 1, 0, 1),
(377, '2022-05-25', '', 1, 49, 1, 0, 1),
(378, '2022-06-25', '', 1, 49, 1, 0, 1),
(379, '2022-06-25', '', 2, 49, 1, 0, 1),
(380, '2021-10-23', '', 1, 50, 1, 0, 1),
(381, '2021-11-23', '', 1, 50, 1, 0, 1),
(382, '2021-12-23', '', 1, 50, 1, 0, 1),
(383, '2022-01-23', '', 1, 50, 1, 0, 1),
(384, '2022-02-23', '', 1, 50, 1, 0, 1),
(385, '2022-03-23', '', 1, 50, 1, 0, 1),
(386, '2022-04-23', '', 1, 50, 1, 0, 1),
(387, '2022-05-23', '', 1, 50, 1, 0, 1),
(388, '2022-06-23', '', 1, 50, 1, 0, 1),
(389, '2022-07-23', '', 1, 50, 1, 0, 1),
(390, '2022-08-23', '', 1, 50, 1, 0, 1),
(391, '2022-09-23', '', 1, 50, 1, 0, 1),
(392, '2022-09-23', '', 2, 50, 1, 0, 1),
(393, '2021-10-23', '', 1, 51, 1, 0, 1),
(394, '2021-11-23', '', 1, 51, 1, 0, 1),
(395, '2021-12-23', '', 1, 51, 1, 0, 1),
(396, '2022-01-23', '', 1, 51, 1, 0, 1),
(397, '2022-02-23', '', 1, 51, 1, 0, 1),
(398, '2022-03-23', '', 1, 51, 1, 0, 1),
(399, '2022-04-23', '', 1, 51, 1, 0, 1),
(400, '2022-05-23', '', 1, 51, 1, 0, 1),
(401, '2022-06-23', '', 1, 51, 1, 0, 1),
(402, '2022-07-23', '', 1, 51, 1, 0, 1),
(403, '2022-08-23', '', 1, 51, 1, 0, 1),
(404, '2022-09-23', '', 1, 51, 1, 0, 1),
(405, '2022-09-23', '', 2, 51, 1, 0, 1),
(406, '2021-07-23', '', 1, 52, 1, 0, 0),
(407, '2021-08-23', '', 1, 52, 1, 0, 0),
(408, '2021-09-23', '', 1, 52, 1, 0, 0),
(409, '2021-09-23', '', 2, 52, 1, 0, 0),
(410, '2021-07-23', '', 1, 53, 1, 0, 0),
(411, '2021-08-23', '', 1, 53, 1, 0, 0),
(412, '2021-09-23', '', 1, 53, 1, 0, 0),
(413, '2021-10-23', '', 1, 53, 1, 0, 0),
(414, '2021-11-23', '', 1, 53, 1, 0, 0),
(415, '2021-12-23', '', 1, 53, 1, 0, 0),
(416, '2022-01-23', '', 1, 53, 1, 0, 0),
(417, '2022-02-23', '', 1, 53, 1, 0, 0),
(418, '2022-02-23', '', 2, 53, 1, 0, 0),
(419, '2021-07-23', '', 1, 54, 1, 0, 0),
(420, '2021-08-23', '', 1, 54, 1, 0, 0),
(421, '2021-09-23', '', 1, 54, 1, 0, 0),
(422, '2021-10-23', '', 1, 54, 1, 0, 0),
(423, '2021-11-23', '', 1, 54, 1, 0, 0),
(424, '2021-12-23', '', 1, 54, 1, 0, 0),
(425, '2022-01-23', '', 1, 54, 1, 0, 0),
(426, '2022-02-23', '', 1, 54, 1, 0, 0),
(427, '2022-02-23', '', 2, 54, 1, 0, 0),
(428, '2021-09-05', '', 1, 55, 1, 0, 0),
(429, '2021-10-05', '', 1, 55, 1, 0, 0),
(430, '2021-11-05', '', 1, 55, 1, 0, 0),
(431, '2021-12-05', '', 1, 55, 1, 0, 0),
(432, '2022-01-05', '', 1, 55, 1, 0, 0),
(433, '2022-01-05', '', 2, 55, 1, 0, 0),
(434, '2021-09-05', '', 1, 56, 1, 0, 0),
(435, '2021-10-05', '', 1, 56, 1, 0, 0),
(436, '2021-11-05', '', 1, 56, 1, 0, 0),
(437, '2021-12-05', '', 1, 56, 1, 0, 0),
(438, '2022-01-05', '', 1, 56, 1, 0, 0),
(439, '2022-01-05', '', 2, 56, 1, 0, 0),
(440, '2021-10-06', '', 1, 57, 1, 0, 1),
(441, '2021-11-06', '', 1, 57, 1, 0, 1),
(442, '2021-12-06', '', 1, 57, 1, 0, 1),
(443, '2022-01-06', '', 1, 57, 1, 0, 1),
(444, '2022-02-06', '', 1, 57, 1, 0, 1),
(445, '2022-03-06', '', 1, 57, 1, 0, 1),
(446, '2022-04-06', '', 1, 57, 1, 0, 1),
(447, '2022-05-06', '', 1, 57, 1, 0, 1),
(448, '2022-06-06', '', 1, 57, 1, 0, 1),
(449, '2022-07-06', '', 1, 57, 1, 0, 1),
(450, '2022-08-06', '', 1, 57, 1, 0, 1),
(451, '2022-09-06', '', 1, 57, 1, 0, 1),
(452, '2022-09-06', '', 2, 57, 1, 0, 1),
(453, '2021-07-11', '', 1, 58, 1, 0, 0),
(454, '2021-08-11', '', 1, 58, 1, 0, 0),
(455, '2021-09-11', '', 1, 58, 1, 0, 0),
(456, '2021-10-11', '', 1, 58, 1, 0, 0),
(457, '2021-11-11', '', 1, 58, 1, 0, 0),
(458, '2021-12-11', '', 1, 58, 1, 0, 0),
(459, '2021-12-11', '', 2, 58, 1, 0, 0),
(460, '2021-07-11', '', 1, 59, 1, 0, 0),
(461, '2021-08-11', '', 1, 59, 1, 0, 0),
(462, '2021-09-11', '', 1, 59, 1, 0, 0),
(463, '2021-10-11', '', 1, 59, 1, 0, 0),
(464, '2021-11-11', '', 1, 59, 1, 0, 0),
(465, '2021-12-11', '', 1, 59, 1, 0, 0),
(466, '2021-12-11', '', 2, 59, 1, 0, 0),
(467, '2021-07-11', '', 1, 60, 1, 0, 0),
(468, '2021-08-11', '', 1, 60, 1, 0, 0),
(469, '2021-09-11', '', 1, 60, 1, 0, 0),
(470, '2021-10-11', '', 1, 60, 1, 0, 0),
(471, '2021-11-11', '', 1, 60, 1, 0, 0),
(472, '2021-12-11', '', 1, 60, 1, 0, 0),
(473, '2021-12-11', '', 2, 60, 1, 0, 0),
(474, '2021-07-11', '', 1, 61, 1, 0, 0),
(475, '2021-08-11', '', 1, 61, 1, 0, 0),
(476, '2021-09-11', '', 1, 61, 1, 0, 0),
(477, '2021-10-11', '', 1, 61, 1, 0, 0),
(478, '2021-11-11', '', 1, 61, 1, 0, 0),
(479, '2021-12-11', '', 1, 61, 1, 0, 0),
(480, '2021-12-11', '', 2, 61, 1, 0, 0),
(481, '2021-07-11', '', 1, 62, 1, 0, 1),
(482, '2021-08-11', '', 1, 62, 1, 0, 1),
(483, '2021-09-11', '', 1, 62, 1, 0, 1),
(484, '2021-10-11', '', 1, 62, 1, 0, 1),
(485, '2021-11-11', '', 1, 62, 1, 0, 1),
(486, '2021-12-11', '', 1, 62, 1, 0, 1),
(487, '2022-01-11', '', 1, 62, 1, 0, 1),
(488, '2022-02-11', '', 1, 62, 1, 0, 1),
(489, '2022-03-11', '', 1, 62, 1, 0, 1),
(490, '2022-04-11', '', 1, 62, 1, 0, 1),
(491, '2022-05-11', '', 1, 62, 1, 0, 1),
(492, '2022-06-11', '', 1, 62, 1, 0, 1),
(493, '2022-06-11', '', 2, 62, 1, 0, 1),
(494, '2021-08-24', '', 1, 63, 1, 0, 0),
(495, '2021-09-24', '', 1, 63, 1, 0, 0),
(496, '2021-10-24', '', 1, 63, 1, 0, 0),
(497, '2021-11-24', '', 1, 63, 1, 0, 0),
(498, '2021-11-24', '', 2, 63, 1, 0, 0),
(499, '2021-08-24', '', 1, 64, 1, 0, 0),
(500, '2021-09-24', '', 1, 64, 1, 0, 0),
(501, '2021-10-24', '', 1, 64, 1, 0, 0),
(502, '2021-10-24', '', 2, 64, 1, 0, 0),
(503, '2021-08-24', '', 1, 65, 1, 0, 0),
(504, '2021-08-24', '', 2, 65, 1, 0, 0),
(505, '2021-10-10', '', 1, 66, 1, 0, 0),
(506, '2021-11-10', '', 1, 66, 1, 0, 0),
(507, '2021-11-10', '', 2, 66, 1, 0, 0),
(508, '0000-00-00', '', 2, 67, 1, 0, 0),
(509, '0000-00-00', '', 1, 68, 1, 0, 0),
(510, '2001-11-10', '', 1, 68, 1, 0, 0),
(511, '2001-12-10', '', 1, 68, 1, 0, 0),
(512, '2002-01-10', '', 1, 68, 1, 0, 0),
(513, '2002-01-10', '', 2, 68, 1, 0, 0),
(514, '2021-10-10', '', 1, 69, 1, 0, 0),
(515, '2021-11-10', '', 1, 69, 1, 0, 0),
(516, '2021-12-10', '', 1, 69, 1, 0, 0),
(517, '2022-01-10', '', 1, 69, 1, 0, 0),
(518, '2022-01-10', '', 2, 69, 1, 0, 0),
(519, '2021-10-10', '', 1, 70, 1, 0, 0),
(520, '2021-11-10', '', 1, 70, 1, 0, 0),
(521, '2021-12-10', '', 1, 70, 1, 0, 0),
(522, '2022-01-10', '', 1, 70, 1, 0, 0),
(523, '2022-02-10', '', 1, 70, 1, 0, 0),
(524, '2022-02-10', '', 2, 70, 1, 0, 0),
(525, '2021-10-10', '', 1, 71, 1, 0, 0),
(526, '2021-11-10', '', 1, 71, 1, 0, 0),
(527, '2021-12-10', '', 1, 71, 1, 0, 0),
(528, '2022-01-10', '', 1, 71, 1, 0, 0),
(529, '2022-02-10', '', 1, 71, 1, 0, 0),
(530, '2022-02-10', '', 2, 71, 1, 0, 0),
(531, '2021-10-10', '', 1, 72, 1, 0, 0),
(532, '2021-11-10', '', 1, 72, 1, 0, 0),
(533, '2021-12-10', '', 1, 72, 1, 0, 0),
(534, '2022-01-10', '', 1, 72, 1, 0, 0),
(535, '2022-02-10', '', 1, 72, 1, 0, 0),
(536, '2022-02-10', '', 2, 72, 1, 0, 0),
(537, '2021-10-10', '', 1, 73, 1, 0, 0),
(538, '2021-11-10', '', 1, 73, 1, 0, 0),
(539, '2021-12-10', '', 1, 73, 1, 0, 0),
(540, '2021-12-10', '', 2, 73, 1, 0, 0),
(541, '2021-10-10', '', 1, 74, 1, 0, 0),
(542, '2021-11-10', '', 1, 74, 1, 0, 0),
(543, '2021-12-10', '', 1, 74, 1, 0, 0),
(544, '2022-01-10', '', 1, 74, 1, 0, 0),
(545, '2022-02-10', '', 1, 74, 1, 0, 0),
(546, '2022-02-10', '', 2, 74, 1, 0, 0),
(547, '2021-10-10', '', 1, 75, 1, 0, 0),
(548, '2021-10-10', '', 2, 75, 1, 0, 0),
(549, '2021-10-10', '', 1, 76, 1, 0, 0),
(550, '2021-10-10', '', 2, 76, 1, 0, 0),
(551, '2021-10-10', '', 1, 77, 1, 0, 0),
(552, '2021-11-10', '', 1, 77, 1, 0, 0),
(553, '2021-12-10', '', 1, 77, 1, 0, 0),
(554, '2021-12-10', '', 2, 77, 1, 0, 0),
(555, '2021-10-10', '', 1, 78, 1, 0, 0),
(556, '2021-11-10', '', 1, 78, 1, 0, 0),
(557, '2021-12-10', '', 1, 78, 1, 0, 0),
(558, '2021-12-10', '', 2, 78, 1, 0, 0),
(559, '2021-10-10', '', 1, 79, 1, 0, 0),
(560, '2021-11-10', '', 1, 79, 1, 0, 0),
(561, '2021-12-10', '', 1, 79, 1, 0, 0),
(562, '2021-12-10', '', 2, 79, 1, 0, 0),
(563, '2021-10-10', '', 1, 80, 1, 0, 0),
(564, '2021-11-10', '', 1, 80, 1, 0, 0),
(565, '2021-12-10', '', 1, 80, 1, 0, 0),
(566, '2021-12-10', '', 2, 80, 1, 0, 0),
(567, '2021-10-10', '', 1, 81, 1, 0, 0),
(568, '2021-11-10', '', 1, 81, 1, 0, 0),
(569, '2021-12-10', '', 1, 81, 1, 0, 0),
(570, '2022-01-10', '', 1, 81, 1, 0, 0),
(571, '2022-01-10', '', 2, 81, 1, 0, 0),
(572, '2021-10-10', '', 1, 82, 1, 0, 0),
(573, '2021-11-10', '', 1, 82, 1, 0, 0),
(574, '2021-12-10', '', 1, 82, 1, 0, 0),
(575, '2022-01-10', '', 1, 82, 1, 0, 0),
(576, '2022-02-10', '', 1, 82, 1, 0, 0),
(577, '2022-03-10', '', 1, 82, 1, 0, 0),
(578, '2022-04-10', '', 1, 82, 1, 0, 0),
(579, '2022-04-10', '', 2, 82, 1, 0, 0),
(580, '2021-10-10', '', 1, 83, 1, 0, 0),
(581, '2021-11-10', '', 1, 83, 1, 0, 0),
(582, '2021-12-10', '', 1, 83, 1, 0, 0),
(583, '2022-01-10', '', 1, 83, 1, 0, 0),
(584, '2022-01-10', '', 2, 83, 1, 0, 0),
(585, '2021-10-10', '', 1, 84, 1, 0, 0),
(586, '2021-11-10', '', 1, 84, 1, 0, 0),
(587, '2021-12-10', '', 1, 84, 1, 0, 0),
(588, '2021-12-10', '', 2, 84, 1, 0, 0),
(589, '2021-10-10', '', 1, 85, 1, 0, 0),
(590, '2021-11-10', '', 1, 85, 1, 0, 0),
(591, '2021-12-10', '', 1, 85, 1, 0, 0),
(592, '2022-01-10', '', 1, 85, 1, 0, 0),
(593, '2022-01-10', '', 2, 85, 1, 0, 0),
(594, '2021-10-10', '', 1, 86, 1, 0, 0),
(595, '2021-11-10', '', 1, 86, 1, 0, 0),
(596, '2021-12-10', '', 1, 86, 1, 0, 0),
(597, '2021-12-10', '', 2, 86, 1, 0, 0),
(598, '2021-10-10', '', 1, 87, 1, 0, 0),
(599, '2021-11-10', '', 1, 87, 1, 0, 0),
(600, '2021-12-10', '', 1, 87, 1, 0, 0),
(601, '2021-12-10', '', 2, 87, 1, 0, 0),
(602, '2021-10-17', '', 1, 88, 1, 0, 0),
(603, '2021-11-17', '', 1, 88, 1, 0, 0),
(604, '2021-12-17', '', 1, 88, 1, 0, 0),
(605, '2022-01-17', '', 1, 88, 1, 0, 0),
(606, '2022-02-17', '', 1, 88, 1, 0, 0),
(607, '2022-02-17', '', 2, 88, 1, 0, 0),
(608, '2021-10-17', '', 1, 89, 1, 0, 0),
(609, '2021-11-17', '', 1, 89, 1, 0, 0),
(610, '2021-12-17', '', 1, 89, 1, 0, 0),
(611, '2022-01-17', '', 1, 89, 1, 0, 0),
(612, '2022-02-17', '', 1, 89, 1, 0, 0),
(613, '2022-02-17', '', 2, 89, 1, 0, 0),
(614, '2021-10-17', '', 1, 90, 1, 0, 0),
(615, '2021-11-17', '', 1, 90, 1, 0, 0),
(616, '2021-12-17', '', 1, 90, 1, 0, 0),
(617, '2022-01-17', '', 1, 90, 1, 0, 0),
(618, '2022-02-17', '', 1, 90, 1, 0, 0),
(619, '2022-02-17', '', 2, 90, 1, 0, 0),
(620, '2021-10-17', '', 1, 91, 1, 0, 0),
(621, '2021-11-17', '', 1, 91, 1, 0, 0),
(622, '2021-12-17', '', 1, 91, 1, 0, 0),
(623, '2022-01-17', '', 1, 91, 1, 0, 0),
(624, '2022-02-17', '', 1, 91, 1, 0, 0),
(625, '2022-02-17', '', 2, 91, 1, 0, 0),
(626, '2021-10-17', '', 1, 92, 1, 0, 0),
(627, '2021-11-17', '', 1, 92, 1, 0, 0),
(628, '2021-12-17', '', 1, 92, 1, 0, 0),
(629, '2022-01-17', '', 1, 92, 1, 0, 0),
(630, '2022-02-17', '', 1, 92, 1, 0, 0),
(631, '2022-02-17', '', 2, 92, 1, 0, 0),
(632, '2021-10-17', '', 1, 93, 1, 0, 0),
(633, '2021-11-17', '', 1, 93, 1, 0, 0),
(634, '2021-11-17', '', 2, 93, 1, 0, 0),
(635, '2021-10-17', '', 1, 94, 1, 0, 0),
(636, '2021-11-17', '', 1, 94, 1, 0, 0),
(637, '2021-11-17', '', 2, 94, 1, 0, 0),
(638, '2021-10-17', '', 1, 95, 1, 0, 0),
(639, '2021-11-17', '', 1, 95, 1, 0, 0),
(640, '2021-11-17', '', 2, 95, 1, 0, 0),
(641, '2021-10-17', '', 1, 96, 1, 0, 0),
(642, '2021-11-17', '', 1, 96, 1, 0, 0),
(643, '2021-11-17', '', 2, 96, 1, 0, 0),
(644, '2021-10-17', '', 1, 97, 1, 0, 0),
(645, '2021-11-17', '', 1, 97, 1, 0, 0),
(646, '2021-11-17', '', 2, 97, 1, 0, 0),
(647, '2021-10-17', '', 1, 98, 1, 0, 0),
(648, '2021-11-17', '', 1, 98, 1, 0, 0),
(649, '2021-11-17', '', 2, 98, 1, 0, 0),
(650, '2021-10-17', '', 1, 99, 1, 0, 0),
(651, '2021-11-17', '', 1, 99, 1, 0, 0),
(652, '2021-12-17', '', 1, 99, 1, 0, 0),
(653, '2021-12-17', '', 2, 99, 1, 0, 0),
(654, '2021-10-17', '', 1, 100, 1, 0, 0),
(655, '2021-11-17', '', 1, 100, 1, 0, 0),
(656, '2021-11-17', '', 2, 100, 1, 0, 0),
(657, '2021-10-31', '', 1, 101, 1, 0, 0),
(658, '2021-10-31', '', 2, 101, 1, 0, 0),
(659, '2021-10-31', '', 1, 102, 1, 0, 0),
(660, '2021-10-31', '', 2, 102, 1, 0, 0),
(661, '2021-10-31', '', 1, 103, 1, 0, 0),
(662, '2021-10-31', '', 2, 103, 1, 0, 0),
(663, '2021-10-31', '', 1, 104, 1, 0, 0),
(664, '2021-10-31', '', 2, 104, 1, 0, 0),
(665, '2021-10-31', '', 1, 105, 1, 0, 0),
(666, '2021-10-31', '', 2, 105, 1, 0, 0),
(667, '2021-10-31', '', 1, 106, 1, 0, 0),
(668, '2021-10-31', '', 2, 106, 1, 0, 0),
(669, '2021-10-31', '', 1, 107, 1, 0, 0),
(670, '2021-10-31', '', 2, 107, 1, 0, 0),
(671, '2021-10-31', '', 1, 108, 1, 0, 0),
(672, '2021-10-31', '', 2, 108, 1, 0, 0),
(673, '2021-10-31', '', 1, 109, 1, 0, 0),
(674, '2021-10-31', '', 2, 109, 1, 0, 0),
(675, '2021-10-31', '', 1, 110, 1, 0, 0),
(676, '2021-12-01', '', 1, 110, 1, 0, 0),
(677, '2021-12-01', '', 2, 110, 1, 0, 0),
(678, '2021-10-31', '', 1, 111, 1, 0, 0),
(679, '2021-12-01', '', 1, 111, 1, 0, 0),
(680, '2021-12-01', '', 2, 111, 1, 0, 0),
(681, '2021-10-31', '', 1, 112, 1, 0, 0),
(682, '2021-12-01', '', 1, 112, 1, 0, 0),
(683, '2021-12-01', '', 2, 112, 1, 0, 0),
(684, '2021-10-31', '', 1, 113, 1, 0, 0),
(685, '2021-10-31', '', 2, 113, 1, 0, 0),
(686, '2021-11-28', '', 1, 114, 1, 0, 1),
(687, '2021-12-28', '', 1, 114, 1, 0, 1),
(688, '2022-01-28', '', 1, 114, 1, 0, 1),
(689, '2022-02-28', '', 1, 114, 1, 0, 1),
(690, '2022-03-28', '', 1, 114, 1, 0, 1),
(691, '2022-04-28', '', 1, 114, 1, 0, 1),
(692, '2022-05-28', '', 1, 114, 1, 0, 1),
(693, '2021-11-28', '', 2, 114, 1, 0, 1),
(694, '2022-06-28', '', 1, 114, 1, 0, 1),
(695, '2022-07-28', '', 1, 114, 1, 0, 1),
(696, '2022-08-28', '', 1, 114, 1, 0, 1),
(697, '2022-09-28', '', 1, 114, 1, 0, 1),
(698, '2022-10-28', '', 1, 114, 1, 0, 1),
(699, '2021-11-28', '', 1, 115, 1, 0, 1),
(700, '2021-12-28', '', 1, 115, 1, 0, 1),
(701, '2022-01-28', '', 1, 115, 1, 0, 1),
(702, '2022-02-28', '', 1, 115, 1, 0, 1),
(703, '2022-03-28', '', 1, 115, 1, 0, 1),
(704, '2022-04-28', '', 1, 115, 1, 0, 1),
(705, '2022-05-28', '', 1, 115, 1, 0, 1),
(706, '2022-06-28', '', 1, 115, 1, 0, 1),
(707, '2022-07-28', '', 1, 115, 1, 0, 1),
(708, '2022-08-28', '', 1, 115, 1, 0, 1),
(709, '2022-09-28', '', 1, 115, 1, 0, 1),
(710, '2022-10-28', '', 1, 115, 1, 0, 1),
(711, '2022-10-28', '', 2, 115, 1, 0, 1),
(712, '2021-10-17', '', 1, 116, 1, 0, 0),
(713, '2021-11-17', '', 1, 116, 1, 0, 0),
(714, '2021-12-17', '', 1, 116, 1, 0, 0),
(715, '2022-01-17', '', 1, 116, 1, 0, 0),
(716, '2022-01-17', '', 2, 116, 1, 0, 0),
(717, '2021-10-17', '', 1, 117, 1, 0, 0),
(718, '2021-11-17', '', 1, 117, 1, 0, 0),
(719, '2021-12-17', '', 1, 117, 1, 0, 0),
(720, '2022-01-17', '', 1, 117, 1, 0, 0),
(721, '2022-01-17', '', 2, 117, 1, 0, 0),
(722, '2021-12-19', '', 1, 118, 1, 0, 0),
(723, '2021-12-19', '', 2, 118, 1, 0, 0),
(724, '2021-12-19', '', 1, 119, 1, 0, 0),
(725, '2021-12-19', '', 2, 119, 1, 0, 0),
(726, '2021-12-05', '', 1, 120, 1, 0, 0),
(727, '2022-01-05', '', 1, 120, 1, 0, 0),
(728, '2022-02-05', '', 1, 120, 1, 0, 0),
(729, '2022-02-05', '', 2, 120, 1, 0, 0),
(730, '2021-12-05', '', 1, 121, 1, 0, 0),
(731, '2022-01-05', '', 1, 121, 1, 0, 0),
(732, '2022-02-05', '', 1, 121, 1, 0, 0),
(733, '2022-02-05', '', 2, 121, 1, 0, 0),
(734, '2021-10-26', '', 1, 122, 1, 0, 0),
(735, '2021-11-26', '', 1, 122, 1, 0, 0),
(736, '2021-11-26', '', 2, 122, 1, 0, 0),
(737, '2021-10-26', '', 1, 123, 1, 0, 0),
(738, '2021-11-26', '', 1, 123, 1, 0, 0),
(739, '2021-11-26', '', 2, 123, 1, 0, 0),
(740, '2021-11-28', '', 1, 124, 1, 0, 0),
(741, '2021-11-28', '', 2, 124, 1, 0, 0),
(742, '2021-11-28', '', 1, 125, 1, 0, 0),
(743, '2021-11-28', '', 2, 125, 1, 0, 0),
(744, '2021-11-28', '', 1, 126, 1, 0, 0),
(745, '2021-11-28', '', 2, 126, 1, 0, 0),
(746, '2021-11-28', '', 1, 127, 1, 0, 0),
(747, '2021-11-28', '', 2, 127, 1, 0, 0),
(748, '2021-11-28', '', 1, 128, 1, 0, 0),
(749, '2021-11-28', '', 2, 128, 1, 0, 0),
(750, '2021-10-26', '', 1, 129, 1, 0, 0),
(751, '2021-11-26', '', 1, 129, 1, 0, 0),
(752, '2021-11-26', '', 2, 129, 1, 0, 0),
(753, '2021-10-26', '', 1, 130, 1, 0, 0),
(754, '2021-11-26', '', 1, 130, 1, 0, 0),
(755, '2021-11-26', '', 2, 130, 1, 0, 0),
(756, '2021-12-05', '', 1, 131, 1, 0, 0),
(757, '2021-12-05', '', 2, 131, 1, 0, 0),
(758, '2021-12-05', '', 1, 132, 1, 0, 0),
(759, '2021-12-05', '', 2, 132, 1, 0, 0),
(760, '2021-11-21', '', 1, 133, 1, 0, 0),
(761, '2021-12-21', '', 1, 133, 1, 0, 0),
(762, '2022-01-21', '', 1, 133, 1, 0, 0),
(763, '2022-02-21', '', 1, 133, 1, 0, 0),
(764, '2022-02-21', '', 2, 133, 1, 0, 0),
(765, '2021-11-21', '', 1, 134, 1, 0, 0),
(766, '2021-12-21', '', 1, 134, 1, 0, 0),
(767, '2022-01-21', '', 1, 134, 1, 0, 0),
(768, '2022-02-21', '', 1, 134, 1, 0, 0),
(769, '2022-02-21', '', 2, 134, 1, 0, 0),
(770, '2021-11-21', '', 1, 135, 1, 0, 0),
(771, '2021-12-21', '', 1, 135, 1, 0, 0),
(772, '2022-01-21', '', 1, 135, 1, 0, 0),
(773, '2022-02-21', '', 1, 135, 1, 0, 0),
(774, '2022-02-21', '', 2, 135, 1, 0, 0),
(775, '2021-11-21', '', 1, 136, 1, 0, 0),
(776, '2021-12-21', '', 1, 136, 1, 0, 0),
(777, '2022-01-21', '', 1, 136, 1, 0, 0),
(778, '2022-02-21', '', 1, 136, 1, 0, 0),
(779, '2022-02-21', '', 2, 136, 1, 0, 0),
(780, '2021-11-21', '', 1, 137, 1, 0, 0),
(781, '2021-12-21', '', 1, 137, 1, 0, 0),
(782, '2022-01-21', '', 1, 137, 1, 0, 0),
(783, '2022-02-21', '', 1, 137, 1, 0, 0),
(784, '2022-02-21', '', 2, 137, 1, 0, 0),
(785, '2021-11-21', '', 1, 138, 1, 0, 0),
(786, '2021-12-21', '', 1, 138, 1, 0, 0),
(787, '2021-12-21', '', 2, 138, 1, 0, 0),
(788, '2021-11-28', '', 1, 139, 1, 0, 0),
(789, '2021-12-28', '', 1, 139, 1, 0, 0),
(790, '2022-01-28', '', 1, 139, 1, 0, 0),
(791, '2022-02-28', '', 1, 139, 1, 0, 0),
(792, '2022-02-28', '', 2, 139, 1, 0, 0),
(793, '2021-11-28', '', 1, 140, 1, 0, 1),
(794, '2021-12-28', '', 1, 140, 1, 0, 1),
(795, '2022-01-28', '', 1, 140, 1, 0, 1),
(796, '2022-02-28', '', 1, 140, 1, 0, 1),
(797, '2022-03-28', '', 1, 140, 1, 0, 1),
(798, '2022-04-28', '', 1, 140, 1, 0, 1),
(799, '2022-05-28', '', 1, 140, 1, 0, 1),
(800, '2022-06-28', '', 1, 140, 1, 0, 1),
(801, '2022-07-28', '', 1, 140, 1, 0, 1),
(802, '2022-08-28', '', 1, 140, 1, 0, 1),
(803, '2022-09-28', '', 1, 140, 1, 0, 1),
(804, '2022-10-28', '', 1, 140, 1, 0, 1),
(805, '2022-10-28', '', 2, 140, 1, 0, 1),
(806, '2021-11-28', '', 1, 141, 1, 0, 1),
(807, '2021-12-28', '', 1, 141, 1, 0, 1),
(808, '2022-01-28', '', 1, 141, 1, 0, 1),
(809, '2022-02-28', '', 1, 141, 1, 0, 1),
(810, '2022-03-28', '', 1, 141, 1, 0, 1),
(811, '2022-04-28', '', 1, 141, 1, 0, 1),
(812, '2022-05-28', '', 1, 141, 1, 0, 1),
(813, '2022-06-28', '', 1, 141, 1, 0, 1),
(814, '2022-07-28', '', 1, 141, 1, 0, 1),
(815, '2022-08-28', '', 1, 141, 1, 0, 1),
(816, '2022-09-28', '', 1, 141, 1, 0, 1),
(817, '2022-10-28', '', 1, 141, 1, 0, 1),
(818, '2022-10-28', '', 2, 141, 1, 0, 1),
(819, '2021-11-28', '', 1, 142, 1, 0, 1),
(820, '2021-12-28', '', 1, 142, 1, 0, 1),
(821, '2022-01-28', '', 1, 142, 1, 0, 1),
(822, '2022-02-28', '', 1, 142, 1, 0, 1),
(823, '2022-03-28', '', 1, 142, 1, 0, 1),
(824, '2022-04-28', '', 1, 142, 1, 0, 1),
(825, '2022-05-28', '', 1, 142, 1, 0, 1),
(826, '2022-06-28', '', 1, 142, 1, 0, 1),
(827, '2022-07-28', '', 1, 142, 1, 0, 1),
(828, '2022-08-28', '', 1, 142, 1, 0, 1),
(829, '2022-09-28', '', 1, 142, 1, 0, 1),
(830, '2022-10-28', '', 1, 142, 1, 0, 1),
(831, '2022-10-28', '', 2, 142, 1, 0, 1),
(832, '2021-12-05', '', 1, 143, 1, 0, 0),
(833, '2021-12-05', '', 2, 143, 1, 0, 0);

-- --------------------------------------------------------

--
-- Table structure for table `tblregistration`
--

CREATE TABLE `tblregistration` (
  `uid` int(11) NOT NULL,
  `userid` int(11) NOT NULL,
  `first_name` varchar(100) NOT NULL,
  `middle_name` varchar(100) NOT NULL,
  `last_name` varchar(100) NOT NULL,
  `suffix` varchar(65) NOT NULL,
  `personnel_id` int(11) NOT NULL,
  `img` varchar(300) NOT NULL,
  `level_status` varchar(50) NOT NULL,
  `gender` varchar(50) NOT NULL,
  `civil_status` varchar(50) NOT NULL,
  `b_date` date NOT NULL,
  `age` int(11) NOT NULL,
  `baranggay` int(11) NOT NULL,
  `zone` int(11) NOT NULL,
  `street` varchar(50) NOT NULL,
  `voter` varchar(100) NOT NULL,
  `phone` varchar(250) NOT NULL,
  `email` varchar(250) NOT NULL,
  `occupation` varchar(200) NOT NULL,
  `date_of_registration` date NOT NULL,
  `password` varchar(500) NOT NULL,
  `status` int(11) NOT NULL,
  `member_status` int(11) NOT NULL
) ENGINE=MyISAM DEFAULT CHARSET=latin1;

--
-- Dumping data for table `tblregistration`
--

INSERT INTO `tblregistration` (`uid`, `userid`, `first_name`, `middle_name`, `last_name`, `suffix`, `personnel_id`, `img`, `level_status`, `gender`, `civil_status`, `b_date`, `age`, `baranggay`, `zone`, `street`, `voter`, `phone`, `email`, `occupation`, `date_of_registration`, `password`, `status`, `member_status`) VALUES
(1, 2200001, 'Bonn Ryan', 'Villanueva', 'Lao', 'null', 4, 'IMG-62bbc9ead06ce6.44016151.png', 'super admin', 'Male', 'Married', '1980-09-10', 41, 63, 0, '954', 'Yes', '09667042211', 'bonnryanlao@gmail.com', 'web developer', '2022-06-29', '240be518fabd2724ddb6f04eeb1da5967448d7e831c08c8fa822809f74c720a9', 1, 1),
(2, 2200002, 'Agustin', 'Babaylan', 'Carillo', 'null', 1, '', 'member', 'Male', 'Married', '1965-08-10', 56, 64, 0, 'St. John', 'Yes', '09058929427', '', '', '2021-07-10', '', 1, 2),
(3, 2200003, 'Krisstian', 'Dañar', 'Carillo', '', 1, '', 'member', 'Male', '', '1989-01-15', 33, 64, 0, 'St. John', 'Undecided', '', '', '', '2021-07-10', '', 1, 2),
(4, 2200004, 'Jenie', 'Dañar', 'Carillo', 'none', 1, '', 'member', 'Female', 'Married', '1965-09-02', 56, 64, 0, 'St. John', 'null', '09366821568', '', '', '2021-07-10', '', 1, 2),
(5, 2200005, 'Sheryl', 'Carillo', 'Baconga', 'null', 1, '', 'member', 'Female', 'Married', '1989-06-26', 33, 64, 0, 'St. John', 'null', '09667015598', '', '', '2021-07-10', '', 1, 2),
(6, 2200006, 'Isiah Lloyd', 'Nonot', 'Baconga', '', 1, '', 'member', 'Male', '', '1990-04-25', 32, 64, 0, 'St. John', '', '09366824357', '', '', '2021-07-10', '', 1, 2),
(7, 2200007, 'Basilio', 'Salem', 'Pumatong', '', 1, '', 'member', 'Male', 'Married', '1964-06-14', 58, 64, 0, 'St. John', '', '09353709618', '', '', '2021-07-10', '', 1, 4),
(8, 2200008, 'Chuchi', 'Carillo', 'Pumatong', '', 1, '', 'member', 'Female', 'Married', '1964-08-05', 57, 64, 0, 'St. John', '', '09165455210', '', '', '2021-07-10', '', 1, 4),
(9, 2200009, 'Apryl', 'Carillo', 'Pumatong', '', 1, '', 'member', 'Female', 'Single', '1993-04-30', 29, 64, 0, 'St. John', '', '09353709618', '', '', '2021-07-10', '', 1, 4),
(10, 2200010, 'Norma', 'Babaylan', 'Carillo', '', 1, '', 'member', 'Female', '', '1994-04-19', 28, 64, 0, 'St. John', '', '09165455210', '', '', '2021-07-10', '', 1, 4),
(11, 2200011, 'Policarpio', 'Babaylan', 'Carillo', 'Jr.', 1, '', 'member', 'Male', '', '1966-10-09', 55, 64, 0, 'St. John', '', '09353209618', '', '', '2021-07-10', '', 1, 2),
(12, 2200012, 'Marlon', 'Babaylan', 'Carillo', '', 1, '', 'member', 'Male', '', '1973-04-15', 49, 64, 0, 'St. John', '', '9058929422', '', '', '2021-07-10', '', 1, 4),
(13, 2200013, 'Melba', 'Carillo', 'Adalim', '', 1, '', 'member', 'Female', '', '1977-03-23', 45, 64, 0, 'St. John', '', '09656601058', '', '', '2021-07-10', '', 1, 4),
(14, 2200014, 'Celso', 'Babaylan', 'Carillo', '', 1, '', 'member', 'Male', '', '1975-07-31', 47, 64, 0, 'St. John', '', '', '', '', '2021-07-10', '', 1, 2),
(15, 2200015, 'Maria Lilibeth', 'Babaylan', 'Carillo', '', 1, '', 'member', 'Female', '', '1970-05-30', 52, 64, 0, 'St. John', '', '', '', '', '2021-07-10', '', 1, 2),
(16, 2200016, 'Bernardo', 'Mayagma', 'Lorigas', '', 1, '', 'member', 'Male', '', '1959-11-13', 62, 57, 0, '15-16 NHA', '', '09368099156', '', '', '2021-07-21', '', 1, 4),
(17, 2200017, 'Bon Bernard', 'Babaylan', 'Lorigas', 'null', 1, '', 'member', 'Male', 'null', '2001-12-02', 20, 57, 0, '15-16 NHA', 'null', '', '', '', '2021-07-21', '', 1, 4),
(18, 2200018, 'Bernardo', 'Babaylan', 'Lorigas', 'Jr.', 1, '', 'member', 'Male', 'Married', '1985-04-21', 37, 57, 0, '15-16 NHA', '', '09609303993', '', '', '2021-07-21', '', 1, 4),
(19, 2200019, 'Angelita', 'Cañete', 'Lorigas', '', 1, '', 'member', 'Female', 'Married', '1977-09-21', 44, 57, 0, '15-16 NHA', '', '09609303993', '', '', '2021-07-21', '', 1, 4),
(20, 2200020, 'Bernabe', 'Babaylan', 'Lorigas', '', 1, '', 'member', 'Female', '', '1984-05-08', 38, 57, 0, '15-16 NHA', '', '09261972133', '', '', '2021-07-21', '', 1, 4),
(21, 2200021, 'Marisa', 'Tenediro', 'Adante', '', 1, '', 'member', '', '', '1976-02-07', 46, 57, 0, '15-16 NHA', '', '09261972133', '', '', '2021-07-21', '', 1, 4),
(22, 2200022, 'Bernard Ian', 'Babaylan', 'Lorigas', '', 1, '', 'member', 'Male', 'Married', '1981-11-16', 40, 57, 0, 'B-46 L-9, NHA', '', '09619330796', '', '', '2021-07-21', '', 1, 4),
(23, 2200023, 'Gerlie', 'Sacuron', 'Lorigas', '', 1, '', 'member', 'Female', 'Married', '1987-07-05', 35, 57, 0, 'B-46 L-9 NHA', '', '09397715349', '', '', '2021-07-21', '', 1, 4),
(24, 2200024, 'LOIDA', 'QUIÑONES', 'CALDEO', '', 1, '', 'member', '', '', '1952-11-12', 69, 53, 0, 'L-12,B-20, LAPAZ 1, LAPASAN,CDO', '', '9066738475', '', '', '2021-07-11', '', 1, 4),
(25, 2200025, 'LUIS', 'PAYANGA', 'TUNAYAN', '', 1, '', 'member', '', '', '1976-08-08', 45, 64, 0, 'ST. JOHN, PUNTOD, CDO', '', '9352855896', '', '', '2021-07-25', '', 1, 4),
(26, 2200026, 'JOSE', 'BORDONES', 'CALDEO', '', 1, '', 'member', '', '', '1947-04-24', 75, 53, 0, 'L-12,B-20, LAPAZ 1, LAPASAN,CDO', '', '9476567228', '', '', '2021-07-11', '', 1, 4),
(27, 2200027, 'JONA', 'BABAYLAN', 'TUNAYAN', '', 1, '', 'member', '', '', '1976-02-24', 46, 64, 0, 'ST. JOHN', '', '', '', '', '2021-07-25', '', 1, 4),
(28, 2200028, 'CRISBY', 'SAGARINO', 'TOLEDO', '', 1, '', 'member', '', '', '1972-01-20', 50, 49, 0, 'RUBY ST., GUSA, CDO', '', '9973198869', '', '', '2021-08-29', '', 1, 4),
(29, 2200029, 'EMILY', 'SALVIEJO', 'TOLEDO', '', 1, '', 'member', '', '', '1968-05-04', 54, 49, 0, 'RUBY ST., GUSA, CDO', '', '9973198869', '', '', '0000-00-00', '', 1, 4),
(30, 2200030, 'SAMUEL', 'ONAHON', 'NONOT', '', 1, '', 'member', '', '', '1966-02-10', 56, 53, 0, 'HILLSIDE VILLAGE, LAPASAN, CDO', '', '', '', '', '2021-07-08', '', 1, 4),
(31, 2200031, 'RICHIE', 'MAHINAY', 'DELA SERNA', '', 1, '', 'member', '', '', '1973-03-11', 49, 53, 0, 'STA. CRUZ 1', '', '09564137995', '', '', '2021-07-15', '', 1, 2),
(32, 2200032, 'CHOLIET', 'TAGANAS', 'MORALITA', '', 1, '', 'member', 'Female', 'Married', '1990-10-27', 31, 50, 0, 'TALISAY, INDAHAG,CDO', '', '9976724621', '', '', '2021-07-04', '', 1, 4),
(33, 2200033, 'RODRIGO', 'VARGAS', 'ORTEGA', '', 1, '', 'member', '', '', '1950-09-02', 71, 53, 0, '#275 STO. NIÑO, LAPASAN, CDO', '', '', '', '', '2021-07-26', '', 1, 4),
(34, 2200034, 'MARC PHILIP', 'SEMITARA', 'MORALITA', '', 1, '', 'member', 'Male', '', '1987-04-13', 35, 50, 0, 'TALISAY, INDAHAG,CDO', '', '9361151982', '', '', '2021-07-04', '', 1, 4),
(35, 2200035, 'HANNAH MISHAL', 'CORDERO', 'ORTEGA', '', 1, '', 'member', '', '', '2001-03-09', 21, 53, 0, 'STA. CRUZ 1, LAPASAN, CDO', '', '9358391323', '', '', '2021-07-26', '', 1, 4),
(36, 2200036, 'LINDA', 'LOMPON', 'NONOT', '', 1, '', 'member', '', '', '1964-09-08', 57, 53, 0, 'HILLSIDE VILLAGE', '', '9061061954', '', '', '2021-07-23', '', 1, 4),
(37, 2200037, 'MARIFEL', 'SEMITARA', 'MORALITA', '', 1, '', 'member', 'Female', '', '1994-05-29', 28, 53, 0, 'LAPASAN, CDO', '', '9067038007', '', '', '2021-07-04', '', 1, 2),
(38, 2200038, 'RICHARD', 'TROMATA', 'ORTEGA', 'null', 1, '', 'member', 'null', 'null', '1974-12-20', 47, 53, 0, 'STA. CRUZ 1, LAPASAN, CDO', 'null', '9069159054', '', '', '2021-07-26', '', 1, 4),
(39, 2200039, 'REBECCA', 'CATELO', 'FABRIA', '', 1, '', 'member', 'Female', '', '2021-10-20', 0, 53, 0, '261 BACONGA, LAPASAN, CDO', '', '9067918341', '', '', '2021-07-11', '', 1, 1),
(40, 2200040, 'RACELLI', 'GONZALES', 'FLORES', '', 1, '', 'member', '', '', '1955-10-31', 66, 49, 0, '1837 CANDIDA, STA. CECILIA SUBD.', '', '9269693450', '', '', '2021-09-12', '', 1, 4),
(41, 2200041, 'KATHLYN', 'CORDERO', 'ORTEGA', '', 1, '', 'member', '', '', '1977-12-24', 44, 53, 0, 'STA. CRUZ 1, LAPASAN, CDO', '', '9263286196', '', '', '2021-07-26', '', 1, 4),
(42, 2200042, 'ROY ROLANDO', 'ALGARME', 'FLORES', '', 1, '', 'member', '', '', '1957-05-17', 65, 49, 0, '1837 CANDIDA, STA. CECILIA SUBD.', '', '9451231943', '', '', '2021-09-12', '', 1, 4),
(43, 2200043, 'HEINZ', 'CORDERO', 'ORTEGA', '', 1, '', 'member', '', '', '2002-06-30', 20, 53, 0, 'STA. CRUZ 1, LAPASAN, CDO', '', '9261962657', '', '', '2021-07-26', '', 1, 4),
(44, 2200044, 'LUDY VI', 'TROMATA', 'ORTEGA', '', 1, '', 'member', '', '', '1977-06-27', 45, 53, 0, 'STA. CRUZ 1, LAPASAN, CDO', '', '9261772563', '', '', '2021-07-15', '', 1, 4),
(45, 2200045, 'ROSE ANTONNETE', 'PASTRANO', 'DELA SERNA', '', 1, '', 'member', '', '', '1973-11-12', 48, 53, 0, 'STA. CRUZ 1, LAPASAN, CDO', '', '9754681900', '', '', '2021-07-15', '', 1, 2),
(46, 2200046, 'RICHARD', 'RIVERA', 'PINO', 'null', 1, '', 'member', 'null', 'null', '1979-08-26', 42, 49, 582, 'RUBY ST.', 'null', '09956276504', '', '', '2021-08-24', '', 1, 4),
(47, 2200047, 'HANNAH KATRINA', 'GONZALES', 'FLORES', '', 1, '', 'member', '', '', '2003-07-10', 19, 49, 0, '1837 CANDIDA', '', '9756153424', '', '', '2021-09-12', '', 1, 4),
(48, 2200048, 'ELIZABETH', 'ESPIRITU', 'SION', '', 1, '', 'member', '', '', '1972-06-27', 50, 53, 0, 'LAPAZ EXTN', '', '9551254139', '', '', '2021-07-25', '', 1, 4),
(49, 2200049, 'CHARISSE KATHRINE', 'PONTICHA', 'GENILLA', '', 1, '', 'member', '', '', '1992-12-18', 29, 53, 0, 'SAN ROQUE', '', '9057028459', '', '', '2021-07-25', '', 1, 1),
(50, 2200050, 'ROSEMARIE', 'NUÑEZ', 'ROMERO', '', 1, '', 'member', '', '', '1967-09-28', 54, 5, 0, 'B 19-L 22, XAVIER HEIGHTS', '', '9264616025', '', '', '2021-10-23', '', 1, 1),
(51, 2200051, 'MERLE', 'AQUINO', 'TALAMPAS', '', 1, '', 'member', '', '', '1960-12-09', 61, 54, 638, 'Z-2', '', '9161206866', '', '', '2021-10-23', '', 1, 1),
(52, 2200052, 'MARY JOY', 'LOMPON', 'NONOT', '', 1, '', 'member', '', '', '2000-02-22', 22, 53, 0, 'HILLSIDE VILLAGE', '', '9268859941', '', '', '2021-07-23', '', 1, 4),
(53, 2200053, 'MADONNA FERENCE', 'AMOR', 'GONZALES', '', 1, '', 'member', '', '', '1964-01-09', 58, 61, 0, 'ZONE 9', '', '9972556787', '', '', '2021-07-23', '', 1, 4),
(54, 2200054, 'FELOMINA', 'AMOR', 'GONZALES', '', 1, '', 'member', '', '', '1964-01-09', 58, 61, 0, 'ZONE 9', '', '9972556787', '', '', '2021-07-23', '', 1, 4),
(55, 2200055, 'MARIO', 'ONGOS', 'TACHADO', '', 1, '', 'member', '', '', '1959-10-08', 62, 5, 0, '10-13 GREEN HTS.', '', '9051972221', '', '', '2021-09-05', '', 1, 4),
(56, 2200056, 'EMELDA', 'LEGASPI', 'TACHADO', '', 1, '', 'member', '', '', '1968-07-21', 54, 5, 0, '10-13 GREEN HTS.', '', '9655348917', '', '', '2021-09-05', '', 1, 4),
(57, 2200057, 'JOSHUA MILES', '', 'TIONGSON', '', 1, '', 'member', '', '', '2002-12-14', 19, 53, 0, 'SAN ROQUE', '', '9362132635', '', '', '2021-10-06', '', 1, 1),
(58, 2200058, 'JHURY', 'ARCALLANA', 'MARTINEZ', '', 1, '', 'member', '', '', '1975-08-23', 46, 55, 0, 'ZONE 1, MULMAC', '', '9273020504', '', '', '2021-07-11', '', 1, 4),
(59, 2200059, 'JONAS', 'LAVALLE', 'MARTINEZ', '', 1, '', 'member', '', '', '1974-03-28', 48, 55, 649, 'ZONE 1', '', '9274934003', '', '', '2021-07-11', '', 1, 4),
(60, 2200060, 'KAIZAR JON', 'ARCALLANA', 'MARTINEZ', '', 1, '', 'member', '', '', '2001-02-05', 21, 55, 649, 'ZONE 1', '', '9558831044', '', '', '2021-07-11', '', 1, 4),
(61, 2200061, 'RUBY', 'YARE', 'MENDEZ', '', 1, '', 'member', '', '', '1956-11-12', 65, 53, 0, 'SAN ROQUE', '', '9268630015', '', '', '2021-07-11', '', 1, 4),
(62, 2200062, 'PEPE', 'UMPAD', 'CASINILLO', '', 1, '', 'member', '', '', '1960-05-13', 62, 42, 0, '#1441 BONTONG', '', '9534782004', '', '', '2021-07-11', '', 1, 1),
(63, 2200063, 'Lilibeth', 'Vicente', 'Pino', '', 1, '', 'member', '', '', '1978-11-25', 43, 49, 582, 'Ruby St.', '', '09269295440', '', '', '2021-08-24', '', 1, 4),
(64, 2200064, 'Leal', 'Salvador', 'Rufina', '', 1, '', 'member', '', '', '1965-09-04', 56, 49, 582, '', '', '09651007484', '', '', '2021-08-24', '', 1, 4),
(65, 2200065, 'Oligario', 'Azura', 'Remolado', '', 1, '', 'member', '', '', '1939-03-04', 83, 49, 0, '#18 Ruby St.', '', '09754263066', '', '', '2021-08-24', '', 1, 4),
(66, 2200066, 'Rosemarie', 'Manaban', 'Loyola', '', 1, '', 'member', '', '', '1980-07-31', 42, 49, 0, 'Ruby St.', '', '09069508931', '', '', '2021-10-10', '', 1, 4),
(67, 2200067, 'Mercy', 'Pallonite', 'Embudo', 'null', 1, '', 'member', 'null', 'null', '1973-01-01', 49, 49, 0, '#043 Ruby St.', 'null', '09164931988', '', '', '0000-00-00', '', 1, 1),
(68, 2200068, 'Rosemar', 'Acorin', 'Dela Rosa', '', 1, '', 'member', '', '', '1969-07-26', 53, 49, 582, 'Ruby St.', '', '09972671620', '', '', '0000-00-00', '', 1, 4),
(69, 2200069, 'Marivic', 'Vallentos', 'Dela Rosa', '', 1, '', 'member', '', '', '1971-01-16', 51, 49, 582, 'Ruby St.', '', '09357979481', '', '', '2021-10-10', '', 1, 4),
(70, 2200070, 'Emelyn', 'Manatad', 'Sajol', '', 1, '', 'member', '', '', '1969-08-27', 52, 49, 582, 'Ruby St.', '', '09262385479', '', '', '2021-10-10', '', 1, 4),
(71, 2200071, 'Cecillo', 'Tabuan', 'Sajol', '', 1, '', 'member', '', '', '1973-07-03', 49, 49, 582, 'Ruby St.', '', '09659066134', '', '', '2021-10-10', '', 1, 4),
(72, 2200072, 'Cecil James', 'Manatad', 'Sajol', '', 1, '', 'member', '', '', '1996-05-13', 26, 49, 582, 'Ruby St.', '', '09262385479', '', '', '2021-10-10', '', 1, 4),
(73, 2200073, 'Cecilio', 'Manatad', 'Sajol', 'Jr.', 1, '', 'member', '', '', '2000-01-14', 22, 49, 582, 'Ruby St.', '', '09976438935', '', '', '2021-10-10', '', 1, 4),
(74, 2200074, 'Ching Kembelyn', 'Manatad', 'Sajol', '', 1, '', 'member', '', '', '1997-04-10', 25, 49, 582, 'Ruby St.', '', '09350964734', '', '', '2021-10-10', '', 1, 4),
(75, 2200075, 'Editha', 'Osma', 'Gorial', '', 1, '', 'member', '', '', '1972-04-07', 50, 49, 582, 'Ruby St.', '', '09664429861', '', '', '2021-10-10', '', 1, 4),
(76, 2200076, 'Raul', 'Baguio', 'Gorial', '', 1, '', 'member', '', '', '1966-10-13', 55, 49, 582, 'Ruby St.', '', '09664429861', '', '', '2021-10-10', '', 1, 4),
(77, 2200077, 'Leticia', 'Villamor', 'Bayron', '', 1, '', 'member', '', '', '1961-09-25', 60, 49, 0, '054 Saphire', '', '09085270789', '', '', '2021-10-10', '', 1, 4),
(78, 2200078, 'Marcial', 'Esculano', 'Bayron', '', 1, '', 'member', '', '', '1957-01-22', 65, 49, 0, '054 Saphire', '', '09061639635', '', '', '2021-10-10', '', 1, 4),
(79, 2200079, 'Mamerto', 'Mocay', 'Mancao', '', 1, '', 'member', '', '', '1961-10-16', 60, 49, 583, '', '', '9658976093', '', '', '2021-10-10', '', 1, 4),
(80, 2200080, 'Florencia', 'Decina', 'Mancao', '', 1, '', 'member', '', '', '1966-07-25', 56, 49, 583, '', '', '9658976093', '', '', '2021-10-10', '', 1, 4),
(81, 2200081, 'Zenaida', 'Calderon', 'Gimena', '', 1, '', 'member', '', '', '1953-10-20', 68, 49, 583, '052', '', '9750852613', '', '', '2021-10-10', '', 1, 4),
(82, 2200082, 'Libertito', 'Ajan', 'Bation', '', 1, '', 'member', '', '', '1979-08-24', 42, 49, 582, 'Ruby St.', '', '9350965001', '', '', '2021-10-10', '', 1, 4),
(83, 2200083, 'Nila', 'Valenzuela', 'Salcedo', '', 1, '', 'member', '', '', '1952-05-25', 70, 49, 582, 'Ruby St.', '', '9975580428', '', '', '2021-10-10', '', 1, 4),
(84, 2200084, 'Carmelita', 'Mayol', 'Absuelo', '', 1, '', 'member', '', '', '1964-03-12', 58, 49, 582, 'Ruby St.', '', '9977508647', '', '', '2021-10-10', '', 1, 4),
(85, 2200085, 'Jimmy', 'Contawe', 'Balintongog', '', 1, '', 'member', '', '', '1971-06-10', 51, 49, 582, '092 Ruby St.', '', '9061852068', '', '', '2021-10-10', '', 1, 4),
(86, 2200086, 'Richard', '', 'Absuelo', '', 1, '', 'member', '', '', '1978-03-08', 44, 49, 582, 'Ruby St.', '', '9659271753', '', '', '2021-10-10', '', 1, 4),
(87, 2200087, 'Jamir', 'Agno', 'Mayol', '', 1, '', 'member', '', '', '0000-00-00', 0, 49, 582, 'Ruby St.', '', '', '', '', '2021-10-10', '', 1, 4),
(88, 2200088, 'Ivy', 'Libo-on', 'Amomonpon', '', 1, '', 'member', '', '', '1992-03-29', 30, 53, 626, 'San Lazaro', '', '9061150288', '', '', '2021-10-17', '', 1, 4),
(89, 2200089, 'Teresita', 'Libo-on', 'Amomonpon', '', 1, '', 'member', '', '', '1966-06-23', 56, 53, 626, 'San Lazaro', '', '9057538238', '', '', '2021-10-17', '', 1, 4),
(90, 2200090, 'Ed Victor', 'Libo-on', 'Amomonpon', '', 1, '', 'member', '', '', '2001-04-25', 21, 53, 626, 'San Lazaro', '', '9057538238', '', '', '2021-10-17', '', 1, 4),
(91, 2200091, 'Ian', 'Libo-on', 'Amomonpon', '', 1, '', 'member', '', '', '1995-06-20', 27, 53, 626, 'San Lazaro', '', '9566905224', '', '', '2021-10-17', '', 1, 4),
(92, 2200092, 'Indaylita', 'Aban', 'Rodriguez', '', 1, '', 'member', '', '', '1960-04-28', 62, 53, 626, 'San Lazaro', '', '9051415013', '', '', '2021-10-17', '', 1, 4),
(93, 2200093, 'Lordsun', 'Balaba', 'Maribao', '', 1, '', 'member', '', '', '2002-05-09', 20, 53, 626, 'San Lazaro', '', '9057923594', '', '', '2021-10-17', '', 1, 4),
(94, 2200094, 'Hilario', 'Peron', 'Maribao', '', 1, '', 'member', '', '', '1950-09-21', 71, 53, 626, 'San Lazaro', '', '9058877968', '', '', '2021-10-17', '', 1, 4),
(95, 2200095, 'Marilyn', 'Balaba', 'Maribao', '', 1, '', 'member', '', '', '1975-09-27', 46, 53, 638, 'San Lazaro', '', '9659762904', '', '', '2021-10-17', '', 1, 4),
(96, 2200096, 'Melanie', 'Balaba', 'Balabag', '', 1, '', 'member', '', '', '1993-03-12', 29, 53, 626, 'San Lazaro', '', '9677014436', '', '', '2021-10-17', '', 1, 4),
(97, 2200097, 'Oliver', 'Cebedo', 'Maribao', '', 1, '', 'member', '', '', '1976-02-23', 46, 53, 626, 'San Lazaro', '', '9530956868', '', '', '2021-10-17', '', 1, 4),
(98, 2200098, 'Genelyn', '', 'Balaba', '', 1, '', 'member', '', '', '1996-01-18', 26, 53, 626, 'San Lazaro', '', '9756290871', '', '', '2021-10-17', '', 1, 4),
(99, 2200099, 'Dionrie', 'Libo-on', 'Amomonpon', '', 1, '', 'member', '', '', '1999-09-13', 22, 53, 638, 'San Lazaro', '', '9155816972', '', '', '2021-10-17', '', 1, 4),
(100, 2200100, 'Rey Mark', '', 'Polinar', '', 1, '', 'member', '', '', '1991-05-03', 31, 53, 626, 'San Lazaro', '', '', '', '', '2021-10-17', '', 1, 4),
(101, 2200101, 'Lalaine', 'Caibigin', 'Labanon', '', 1, '', 'member', '', '', '1988-10-08', 33, 53, 626, 'San Lazaro', '', '9365555690', '', '', '2021-10-31', '', 1, 4),
(102, 2200102, 'Mary Grace', 'Jokoma', 'Villasorda', '', 1, '', 'member', '', '', '1984-08-29', 37, 53, 625, 'San Lazaro', '', '9358678587', '', '', '2021-10-31', '', 1, 4),
(103, 2200103, 'Ernisto', 'Morales', 'Estoque', '', 1, '', 'member', '', '', '1957-08-27', 64, 53, 625, 'San Lazaro', '', '9358678587', '', '', '2021-10-31', '', 1, 4),
(104, 2200104, 'Leonita', 'Sobriano', 'Estoque', '', 1, '', 'member', '', '', '1957-09-30', 64, 53, 625, 'San Lazaro', '', '9358678587', '', '', '2021-10-31', '', 1, 4),
(105, 2200105, 'Cleofe', 'Infiesto', 'Intencia', '', 1, '', 'member', '', '', '1977-06-14', 45, 53, 625, '044 San Lazaro', '', '9532768338', '', '', '2021-10-31', '', 1, 4),
(106, 2200106, 'Antero', 'Rebadolia', 'Intencia', 'Jr.', 1, '', 'member', '', '', '1971-11-01', 50, 53, 625, '044 San Lazaro', '', '9069287170', '', '', '2021-10-31', '', 1, 4),
(107, 2200107, 'Maria Annafe', 'Infesto', 'Intencia', '', 1, '', 'member', '', '', '1998-08-31', 23, 53, 625, '044 San Lazaro', '', '9505723748', '', '', '2021-10-31', '', 1, 4),
(108, 2200108, 'Bellaber', 'Sialmo', 'Seraña', '', 1, '', 'member', '', '', '1982-12-13', 39, 53, 626, 'San Lazaro', '', '9386600133', '', '', '2021-10-31', '', 1, 4),
(109, 2200109, 'Nestor', 'Joromo', 'Intencia', '', 1, '', 'member', '', '', '1986-03-16', 36, 53, 626, 'San Lazaro', '', '9086757669', '', '', '2021-10-31', '', 1, 4),
(110, 2200110, 'Regelio', 'Vallente', 'Abecia', '', 1, '', 'member', '', '', '1969-07-04', 53, 53, 626, 'San Lazaro', '', '9359281792', '', '', '2021-10-31', '', 1, 4),
(111, 2200111, 'Marie Grace', 'Abecia', 'Baslan', '', 1, '', 'member', '', '', '1994-11-11', 27, 53, 626, 'San Lazaro', '', '9658833857', '', '', '2021-10-31', '', 1, 4),
(112, 2200112, 'Sonia', 'Pequerro', 'Abecia', 'null', 1, '', 'member', 'null', 'null', '1968-12-12', 53, 53, 626, 'San Lazaro', 'null', '9051422456', '', '', '2021-10-31', '', 1, 4),
(113, 2200113, 'Rudilio', 'Sobriano', 'Estoque', '', 1, '', 'member', '', '', '1980-03-26', 42, 53, 625, 'San Lazaro', '', '9358678587', '', '', '2021-10-31', '', 1, 4),
(114, 2200114, 'Darwin', 'Dalit', 'Sescon', 'null', 1, '', 'member', 'null', 'null', '1973-09-30', 48, 49, 582, 'Ruby St.', 'null', '9358917281', '', '', '2021-11-28', '', 1, 1),
(115, 2200115, 'Josephine', 'Tabac', 'Sescon', '', 1, '', 'member', '', '', '1977-12-24', 44, 49, 582, 'Ruby St.', '', '9359817281', '', '', '2021-11-28', '', 1, 1),
(116, 2200116, 'Criselda', 'Papauren', 'Navarro', '', 1, '', 'member', '', '', '1967-11-29', 54, 49, 582, 'Ruby St.', '', '9061520589', '', '', '2021-10-17', '', 1, 4),
(117, 2200117, 'Allan', 'Catamco', 'Navarro', '', 1, '', 'member', '', '', '1964-12-24', 57, 49, 582, 'Ruby St.', '', '9061520589', '', '', '2021-10-17', '', 1, 4),
(118, 2200118, 'Rosel', 'Gagnan', 'Salagoste', '', 1, '', 'member', '', '', '1982-02-26', 40, 49, 583, '058 Sapphire St.', '', '9670268176', '', '', '2021-12-19', '', 1, 4),
(119, 2200119, 'Clark Joseph', 'Danlaan', 'Salagoste', '', 1, '', 'member', '', '', '1980-06-15', 42, 49, 583, '058 Sapphire St.', '', '9552396612', '', '', '2021-12-19', '', 1, 4),
(120, 2200120, 'Richard', 'Navarra', 'Padojelaga', '', 1, '', 'member', '', '', '1962-03-15', 60, 49, 583, 'Sapphire St.', '', '9056905124', '', '', '2021-12-05', '', 1, 4),
(121, 2200121, 'Elenita', 'Vallejos', 'Padojelaga', '', 1, '', 'member', '', '', '1964-09-27', 57, 49, 595, 'Sapphire St.', '', '9361778608', '', '', '2021-12-05', '', 1, 4),
(122, 2200122, 'Jackelin', 'Eraldiso', 'Tanio', '', 1, '', 'member', '', '', '1985-01-22', 37, 49, 583, '055', '', '9658206686', '', '', '2021-10-26', '', 1, 4),
(123, 2200123, 'Freddie', 'Mesa', 'Tanio', '', 1, '', 'member', '', '', '1982-08-25', 39, 49, 583, '055', '', '9658206686', '', '', '2021-10-26', '', 1, 4),
(124, 2200124, 'Teresita', 'Yurong', 'Mayol', '', 1, '', 'member', '', '', '1952-10-15', 69, 49, 582, 'Ruby St.', '', '9750833650', '', '', '2021-11-28', '', 1, 4),
(125, 2200125, 'Carmela', 'Mayol', 'Salvaña', 'null', 1, '', 'member', 'null', 'null', '1975-07-16', 47, 49, 582, '127 Ruby St.', 'null', '9659764588', '', '', '2021-11-28', '', 1, 4),
(126, 2200126, 'Clark Ian', 'Mayol', 'Salvaña', '', 1, '', 'member', '', '', '1998-10-25', 23, 49, 582, '127 Ruby St.', '', '9971793754', '', '', '2021-11-28', '', 1, 4),
(127, 2200127, 'Queenie Angel', 'Mayol', 'Salvaña', '', 1, '', 'member', '', '', '2000-02-25', 22, 49, 582, 'Ruby St.', '', '9369926951', '', '', '2021-11-28', '', 1, 4),
(128, 2200128, 'Christien Rico', 'Mayol', 'Salvaña', '', 1, '', 'member', '', '', '2002-08-08', 20, 49, 582, 'Ruby St.', '', '9754818058', '', '', '2021-11-28', '', 1, 4),
(129, 2200129, 'Ligaya', 'Cajoles', 'Camay', '', 1, '', 'member', '', '', '1969-01-24', 53, 49, 582, '', '', '9971057438', '', '', '2021-10-26', '', 1, 4),
(130, 2200130, 'Jerry', 'Cajoles', 'Camay', 'Jr.', 1, '', 'member', '', '', '1999-03-31', 23, 49, 582, '', '', '9550468590', '', '', '2021-10-26', '', 1, 4),
(131, 2200131, 'Josephine', 'Binalhay', 'Bahian', '', 1, '', 'member', '', '', '1966-06-12', 56, 49, 582, '', '', '9264336022', '', '', '2021-12-05', '', 1, 4),
(132, 2200132, 'Hamlit', 'Binalhay', 'Bahian', '', 1, '', 'member', '', '', '1983-05-11', 39, 49, 582, '', '', '9264336022', '', '', '2021-12-05', '', 1, 4),
(133, 2200133, 'Love Kent', 'Pasigna', 'Blanela', '', 1, '', 'member', '', '', '1974-01-17', 48, 49, 582, '', '', '9274496888', '', '', '2021-11-21', '', 1, 4),
(134, 2200134, 'Karen Angel', 'Pasigna', 'Blanela', '', 1, '', 'member', '', '', '1978-02-07', 44, 49, 582, '', '', '9974796650', '', '', '2021-11-21', '', 1, 4),
(135, 2200135, 'Keneville', 'Pasigna', 'Blanela', '', 1, '', 'member', '', '', '1972-04-26', 50, 49, 582, 'Amethyst', '', '9354790920', '', '', '2021-11-21', '', 1, 4),
(136, 2200136, 'Eleonora', 'Atuel', 'Blanela', '', 1, '', 'member', '', '', '1977-11-03', 44, 49, 582, 'Amethyst', '', '', '', '', '2021-11-21', '', 1, 4),
(137, 2200137, 'Christian Gem', 'Atuel', 'Blanela', '', 1, '', 'member', '', '', '2000-12-18', 21, 49, 582, 'Amethyst', '', '9751094115', '', '', '2021-11-21', '', 1, 4),
(138, 2200138, 'Enzo', 'Atuel', 'Blanela', '', 1, '', 'member', '', '', '2003-06-26', 19, 49, 582, 'Amethyst', '', '9262357642', '', '', '2021-11-21', '', 1, 4),
(139, 2200139, 'Susan', 'Jumuad', 'Balbuena', '', 1, '', 'member', '', '', '1958-08-02', 64, 49, 582, 'Ruby St.', '', '9667043783', '', '', '2021-11-28', '', 1, 4),
(140, 2200140, 'Peter', 'Pabelonio', 'Bala', '', 1, '', 'member', '', '', '1975-06-29', 47, 49, 582, 'Ruby St.', '', '9262025963', '', '', '2021-11-28', '', 1, 1),
(141, 2200141, 'Maricar', 'Bobadilla', 'Bala', '', 1, '', 'member', '', '', '1980-05-01', 42, 49, 582, 'Ruby St.', '', '9356165988', '', '', '2021-11-28', '', 1, 1),
(142, 2200142, 'Ken Shane Pete', 'Bobadilla', 'Bala', '', 1, '', 'member', '', '', '2004-03-26', 18, 49, 582, 'Ruby St.', '', '9554323416', '', '', '2021-11-28', '', 1, 1),
(143, 2200143, 'Kier', '', 'Daguan', '', 1, '', 'member', '', '', '2002-12-05', 19, 49, 583, '', '', '9531880990', '', '', '2021-12-05', '', 1, 4);

-- --------------------------------------------------------

--
-- Table structure for table `tblsample`
--

CREATE TABLE `tblsample` (
  `id` int(11) NOT NULL,
  `name` int(11) NOT NULL
) ENGINE=MyISAM DEFAULT CHARSET=latin1;

-- --------------------------------------------------------

--
-- Table structure for table `tbl_zones`
--

CREATE TABLE `tbl_zones` (
  `zone_id` int(11) NOT NULL,
  `zone_name` text NOT NULL,
  `baranggay` int(11) NOT NULL
) ENGINE=MyISAM DEFAULT CHARSET=latin1;

--
-- Dumping data for table `tbl_zones`
--

INSERT INTO `tbl_zones` (`zone_id`, `zone_name`, `baranggay`) VALUES
(6, 'ZONE 6', 1),
(5, 'ZONE 5', 1),
(4, 'ZONE 4', 1),
(3, 'ZONE 3', 1),
(2, 'ZONE 2', 1),
(1, 'ZONE 1', 1),
(7, 'ZONE 7', 1),
(8, 'ZONE 8', 1),
(9, 'ZONE 9', 1),
(10, 'ZONE 10', 1),
(11, 'ZONE 11', 1),
(12, 'ZONE 12', 1),
(13, 'ZONE 1', 2),
(14, 'ZONE 2', 2),
(15, 'ZONE 3', 2),
(16, 'ZONE 4', 2),
(17, 'ZONE 5', 2),
(18, 'ZONE 6', 2),
(19, 'ZONE 7', 2),
(20, 'ZONE 8', 2),
(21, 'ZONE 9', 2),
(22, 'ZONE 10', 2),
(23, 'ZONE 11', 2),
(24, 'ZONE 12', 2),
(25, 'ZONE 1', 3),
(26, 'ZONE 2', 3),
(27, 'ZONE 3', 3),
(28, 'ZONE 4', 3),
(29, 'ZONE 5', 3),
(30, 'ZONE 6', 3),
(31, 'ZONE 7', 3),
(32, 'ZONE 8', 3),
(33, 'ZONE 9', 3),
(34, 'ZONE 10', 3),
(35, 'ZONE 11', 3),
(36, 'ZONE 12', 3),
(37, 'ZONE 1', 4),
(38, 'ZONE 2', 4),
(39, 'ZONE 3', 4),
(40, 'ZONE 4', 4),
(41, 'ZONE 5', 4),
(42, 'ZONE 6', 4),
(43, 'ZONE 7', 4),
(44, 'ZONE 8', 4),
(45, 'ZONE 9', 4),
(46, 'ZONE 10', 4),
(47, 'ZONE 11', 4),
(48, 'ZONE 12', 4),
(49, 'ZONE 1', 5),
(50, 'ZONE 2', 5),
(51, 'ZONE 3', 5),
(52, 'ZONE 4', 5),
(53, 'ZONE 5', 5),
(54, 'ZONE 6', 5),
(55, 'ZONE 7', 5),
(56, 'ZONE 8', 5),
(57, 'ZONE 9', 5),
(58, 'ZONE 10', 5),
(59, 'ZONE 11', 5),
(60, 'ZONE 12', 5),
(61, 'ZONE 1', 6),
(62, 'ZONE 2', 6),
(63, 'ZONE 3', 6),
(64, 'ZONE 4', 6),
(65, 'ZONE 5', 6),
(66, 'ZONE 6', 6),
(67, 'ZONE 7', 6),
(68, 'ZONE 8', 6),
(69, 'ZONE 9', 6),
(70, 'ZONE 10', 6),
(71, 'ZONE 11', 6),
(72, 'ZONE 12', 6),
(73, 'ZONE 1', 7),
(74, 'ZONE 2', 7),
(75, 'ZONE 3', 7),
(76, 'ZONE 4', 7),
(77, 'ZONE 5', 7),
(78, 'ZONE 6', 7),
(79, 'ZONE 7', 7),
(80, 'ZONE 8', 7),
(81, 'ZONE 9', 7),
(82, 'ZONE 10', 7),
(83, 'ZONE 11', 7),
(84, 'ZONE 12', 7),
(85, 'ZONE 1', 8),
(86, 'ZONE 2', 8),
(87, 'ZONE 3', 8),
(88, 'ZONE 4', 8),
(89, 'ZONE 5', 8),
(90, 'ZONE 6', 8),
(91, 'ZONE 7', 8),
(92, 'ZONE 8', 8),
(93, 'ZONE 9', 8),
(94, 'ZONE 10', 8),
(95, 'ZONE 11', 8),
(96, 'ZONE 12', 8),
(97, 'ZONE 1', 9),
(98, 'ZONE 2', 9),
(99, 'ZONE 3', 9),
(100, 'ZONE 4', 9),
(101, 'ZONE 5', 9),
(102, 'ZONE 6', 9),
(103, 'ZONE 7', 9),
(104, 'ZONE 8', 9),
(105, 'ZONE 9', 9),
(106, 'ZONE 10', 9),
(107, 'ZONE 11', 9),
(108, 'ZONE 12', 9),
(109, 'ZONE 1', 10),
(110, 'ZONE 2', 10),
(111, 'ZONE 3', 10),
(112, 'ZONE 4', 10),
(113, 'ZONE 5', 10),
(114, 'ZONE 6', 10),
(115, 'ZONE 7', 10),
(116, 'ZONE 8', 10),
(117, 'ZONE 9', 10),
(118, 'ZONE 10', 10),
(119, 'ZONE 11', 10),
(120, 'ZONE 12', 10),
(121, 'ZONE 1', 11),
(122, 'ZONE 2', 11),
(123, 'ZONE 3', 11),
(124, 'ZONE 4', 11),
(125, 'ZONE 5', 11),
(126, 'ZONE 6', 11),
(127, 'ZONE 7', 11),
(128, 'ZONE 8', 11),
(129, 'ZONE 9', 11),
(130, 'ZONE 10', 11),
(131, 'ZONE 11', 11),
(132, 'ZONE 12', 11),
(133, 'ZONE 1', 12),
(134, 'ZONE 2', 12),
(135, 'ZONE 3', 12),
(136, 'ZONE 4', 12),
(137, 'ZONE 5', 12),
(138, 'ZONE 6', 12),
(139, 'ZONE 7', 12),
(140, 'ZONE 8', 12),
(141, 'ZONE 9', 12),
(142, 'ZONE 10', 12),
(143, 'ZONE 11', 12),
(144, 'ZONE 12', 12),
(145, 'ZONE 1', 13),
(146, 'ZONE 2', 13),
(147, 'ZONE 3', 13),
(148, 'ZONE 4', 13),
(149, 'ZONE 5', 13),
(150, 'ZONE 6', 13),
(151, 'ZONE 7', 13),
(152, 'ZONE 8', 13),
(153, 'ZONE 9', 13),
(154, 'ZONE 10', 13),
(155, 'ZONE 11', 13),
(156, 'ZONE 12', 13),
(157, 'ZONE 1', 14),
(158, 'ZONE 2', 14),
(159, 'ZONE 3', 14),
(160, 'ZONE 4', 14),
(161, 'ZONE 5', 14),
(162, 'ZONE 6', 14),
(163, 'ZONE 7', 14),
(164, 'ZONE 8', 14),
(165, 'ZONE 9', 14),
(166, 'ZONE 10', 14),
(167, 'ZONE 11', 14),
(168, 'ZONE 12', 14),
(169, 'ZONE 1', 15),
(170, 'ZONE 2', 15),
(171, 'ZONE 3', 15),
(172, 'ZONE 4', 15),
(173, 'ZONE 5', 15),
(174, 'ZONE 6', 15),
(175, 'ZONE 7', 15),
(176, 'ZONE 8', 15),
(177, 'ZONE 9', 15),
(178, 'ZONE 10', 15),
(179, 'ZONE 11', 15),
(180, 'ZONE 12', 15),
(181, 'ZONE 1', 16),
(182, 'ZONE 2', 16),
(183, 'ZONE 3', 16),
(184, 'ZONE 4', 16),
(185, 'ZONE 5', 16),
(186, 'ZONE 6', 16),
(187, 'ZONE 7', 16),
(188, 'ZONE 8', 16),
(189, 'ZONE 9', 16),
(190, 'ZONE 10', 16),
(191, 'ZONE 11', 16),
(192, 'ZONE 12', 16),
(193, 'ZONE 1', 17),
(194, 'ZONE 2', 17),
(195, 'ZONE 3', 17),
(196, 'ZONE 4', 17),
(197, 'ZONE 5', 17),
(198, 'ZONE 6', 17),
(199, 'ZONE 7', 17),
(200, 'ZONE 8', 17),
(201, 'ZONE 9', 17),
(202, 'ZONE 10', 17),
(203, 'ZONE 11', 17),
(204, 'ZONE 12', 17),
(205, 'ZONE 1', 18),
(206, 'ZONE 2', 18),
(207, 'ZONE 3', 18),
(208, 'ZONE 4', 18),
(209, 'ZONE 5', 18),
(210, 'ZONE 6', 18),
(211, 'ZONE 7', 18),
(212, 'ZONE 8', 18),
(213, 'ZONE 9', 18),
(214, 'ZONE 10', 18),
(215, 'ZONE 11', 18),
(216, 'ZONE 12', 18),
(217, 'ZONE 1', 19),
(218, 'ZONE 2', 19),
(219, 'ZONE 3', 19),
(220, 'ZONE 4', 19),
(221, 'ZONE 5', 19),
(222, 'ZONE 6', 19),
(223, 'ZONE 7', 19),
(224, 'ZONE 8', 19),
(225, 'ZONE 9', 19),
(226, 'ZONE 10', 19),
(227, 'ZONE 11', 19),
(228, 'ZONE 12', 19),
(229, 'ZONE 1', 20),
(230, 'ZONE 2', 20),
(231, 'ZONE 3', 20),
(232, 'ZONE 4', 20),
(233, 'ZONE 5', 20),
(234, 'ZONE 6', 20),
(235, 'ZONE 7', 20),
(236, 'ZONE 8', 20),
(237, 'ZONE 9', 20),
(238, 'ZONE 10', 20),
(239, 'ZONE 11', 20),
(240, 'ZONE 12', 20),
(241, 'ZONE 1', 21),
(242, 'ZONE 2', 21),
(243, 'ZONE 3', 21),
(244, 'ZONE 4', 21),
(245, 'ZONE 5', 21),
(246, 'ZONE 6', 21),
(247, 'ZONE 7', 21),
(248, 'ZONE 8', 21),
(249, 'ZONE 9', 21),
(250, 'ZONE 10', 21),
(251, 'ZONE 11', 21),
(252, 'ZONE 12', 21),
(253, 'ZONE 1', 22),
(254, 'ZONE 2', 22),
(255, 'ZONE 3', 22),
(256, 'ZONE 4', 22),
(257, 'ZONE 5', 22),
(258, 'ZONE 6', 22),
(259, 'ZONE 7', 22),
(260, 'ZONE 8', 22),
(261, 'ZONE 9', 22),
(262, 'ZONE 10', 22),
(263, 'ZONE 11', 22),
(264, 'ZONE 12', 22),
(265, 'ZONE 1', 23),
(266, 'ZONE 2', 23),
(267, 'ZONE 3', 23),
(268, 'ZONE 4', 23),
(269, 'ZONE 5', 23),
(270, 'ZONE 6', 23),
(271, 'ZONE 7', 23),
(272, 'ZONE 8', 23),
(273, 'ZONE 9', 23),
(274, 'ZONE 10', 23),
(275, 'ZONE 11', 23),
(276, 'ZONE 12', 23),
(277, 'ZONE 1', 24),
(278, 'ZONE 2', 24),
(279, 'ZONE 3', 24),
(280, 'ZONE 4', 24),
(281, 'ZONE 5', 24),
(282, 'ZONE 6', 24),
(283, 'ZONE 7', 24),
(284, 'ZONE 8', 24),
(285, 'ZONE 9', 24),
(286, 'ZONE 10', 24),
(287, 'ZONE 11', 24),
(288, 'ZONE 12', 24),
(289, 'ZONE 1', 25),
(290, 'ZONE 2', 25),
(291, 'ZONE 3', 25),
(292, 'ZONE 4', 25),
(293, 'ZONE 5', 25),
(294, 'ZONE 6', 25),
(295, 'ZONE 7', 25),
(296, 'ZONE 8', 25),
(297, 'ZONE 9', 25),
(298, 'ZONE 10', 25),
(299, 'ZONE 11', 25),
(300, 'ZONE 12', 25),
(301, 'ZONE 1', 26),
(302, 'ZONE 2', 26),
(303, 'ZONE 3', 26),
(304, 'ZONE 4', 26),
(305, 'ZONE 5', 26),
(306, 'ZONE 6', 26),
(307, 'ZONE 7', 26),
(308, 'ZONE 8', 26),
(309, 'ZONE 9', 26),
(310, 'ZONE 10', 26),
(311, 'ZONE 11', 26),
(312, 'ZONE 12', 26),
(313, 'ZONE 1', 27),
(314, 'ZONE 2', 27),
(315, 'ZONE 3', 27),
(316, 'ZONE 4', 27),
(317, 'ZONE 5', 27),
(318, 'ZONE 6', 27),
(319, 'ZONE 7', 27),
(320, 'ZONE 8', 27),
(321, 'ZONE 9', 27),
(322, 'ZONE 10', 27),
(323, 'ZONE 11', 27),
(324, 'ZONE 12', 27),
(325, 'ZONE 1', 28),
(326, 'ZONE 2', 28),
(327, 'ZONE 3', 28),
(328, 'ZONE 4', 28),
(329, 'ZONE 5', 28),
(330, 'ZONE 6', 28),
(331, 'ZONE 7', 28),
(332, 'ZONE 8', 28),
(333, 'ZONE 9', 28),
(334, 'ZONE 10', 28),
(335, 'ZONE 11', 28),
(336, 'ZONE 12', 28),
(337, 'ZONE 1', 29),
(338, 'ZONE 2', 29),
(339, 'ZONE 3', 29),
(340, 'ZONE 4', 29),
(341, 'ZONE 5', 29),
(342, 'ZONE 6', 29),
(343, 'ZONE 7', 29),
(344, 'ZONE 8', 29),
(345, 'ZONE 9', 29),
(346, 'ZONE 10', 29),
(347, 'ZONE 11', 29),
(348, 'ZONE 12', 29),
(349, 'ZONE 1', 30),
(350, 'ZONE 2', 30),
(351, 'ZONE 3', 30),
(352, 'ZONE 4', 30),
(353, 'ZONE 5', 30),
(354, 'ZONE 6', 30),
(355, 'ZONE 7', 30),
(356, 'ZONE 8', 30),
(357, 'ZONE 9', 30),
(358, 'ZONE 10', 30),
(359, 'ZONE 11', 30),
(360, 'ZONE 12', 30),
(361, 'ZONE 1', 31),
(362, 'ZONE 2', 31),
(363, 'ZONE 3', 31),
(364, 'ZONE 4', 31),
(365, 'ZONE 5', 31),
(366, 'ZONE 6', 31),
(367, 'ZONE 7', 31),
(368, 'ZONE 8', 31),
(369, 'ZONE 9', 31),
(370, 'ZONE 10', 31),
(371, 'ZONE 11', 31),
(372, 'ZONE 12', 31),
(373, 'ZONE 1', 32),
(374, 'ZONE 2', 32),
(375, 'ZONE 3', 32),
(376, 'ZONE 4', 32),
(377, 'ZONE 5', 32),
(378, 'ZONE 6', 32),
(379, 'ZONE 7', 32),
(380, 'ZONE 8', 32),
(381, 'ZONE 9', 32),
(382, 'ZONE 10', 32),
(383, 'ZONE 11', 32),
(384, 'ZONE 12', 32),
(385, 'ZONE 1', 33),
(386, 'ZONE 2', 33),
(387, 'ZONE 3', 33),
(388, 'ZONE 4', 33),
(389, 'ZONE 5', 33),
(390, 'ZONE 6', 33),
(391, 'ZONE 7', 33),
(392, 'ZONE 8', 33),
(393, 'ZONE 9', 33),
(394, 'ZONE 10', 33),
(395, 'ZONE 11', 33),
(396, 'ZONE 12', 33),
(397, 'ZONE 1', 34),
(398, 'ZONE 2', 34),
(399, 'ZONE 3', 34),
(400, 'ZONE 4', 34),
(401, 'ZONE 5', 34),
(402, 'ZONE 6', 34),
(403, 'ZONE 7', 34),
(404, 'ZONE 8', 34),
(405, 'ZONE 9', 34),
(406, 'ZONE 10', 34),
(407, 'ZONE 11', 34),
(408, 'ZONE 12', 34),
(409, 'ZONE 1', 35),
(410, 'ZONE 2', 35),
(411, 'ZONE 3', 35),
(412, 'ZONE 4', 35),
(413, 'ZONE 5', 35),
(414, 'ZONE 6', 35),
(415, 'ZONE 7', 35),
(416, 'ZONE 8', 35),
(417, 'ZONE 9', 35),
(418, 'ZONE 10', 35),
(419, 'ZONE 11', 35),
(420, 'ZONE 12', 35),
(421, 'ZONE 1', 36),
(422, 'ZONE 2', 36),
(423, 'ZONE 3', 36),
(424, 'ZONE 4', 36),
(425, 'ZONE 5', 36),
(426, 'ZONE 6', 36),
(427, 'ZONE 7', 36),
(428, 'ZONE 8', 36),
(429, 'ZONE 9', 36),
(430, 'ZONE 10', 36),
(431, 'ZONE 11', 36),
(432, 'ZONE 12', 36),
(433, 'ZONE 1', 37),
(434, 'ZONE 2', 37),
(435, 'ZONE 3', 37),
(436, 'ZONE 4', 37),
(437, 'ZONE 5', 37),
(438, 'ZONE 6', 37),
(439, 'ZONE 7', 37),
(440, 'ZONE 8', 37),
(441, 'ZONE 9', 37),
(442, 'ZONE 10', 37),
(443, 'ZONE 11', 37),
(444, 'ZONE 12', 37),
(445, 'ZONE 1', 38),
(446, 'ZONE 2', 38),
(447, 'ZONE 3', 38),
(448, 'ZONE 4', 38),
(449, 'ZONE 5', 38),
(450, 'ZONE 6', 38),
(451, 'ZONE 7', 38),
(452, 'ZONE 8', 38),
(453, 'ZONE 9', 38),
(454, 'ZONE 10', 38),
(455, 'ZONE 11', 38),
(456, 'ZONE 12', 38),
(457, 'ZONE 1', 39),
(458, 'ZONE 2', 39),
(459, 'ZONE 3', 39),
(460, 'ZONE 4', 39),
(461, 'ZONE 5', 39),
(462, 'ZONE 6', 39),
(463, 'ZONE 7', 39),
(464, 'ZONE 8', 39),
(465, 'ZONE 9', 39),
(466, 'ZONE 10', 39),
(467, 'ZONE 11', 39),
(468, 'ZONE 12', 39),
(469, 'ZONE 1', 40),
(470, 'ZONE 2', 40),
(471, 'ZONE 3', 40),
(472, 'ZONE 4', 40),
(473, 'ZONE 5', 40),
(474, 'ZONE 6', 40),
(475, 'ZONE 7', 40),
(476, 'ZONE 8', 40),
(477, 'ZONE 9', 40),
(478, 'ZONE 10', 40),
(479, 'ZONE 11', 40),
(480, 'ZONE 12', 40),
(481, 'ZONE 1', 41),
(482, 'ZONE 2', 41),
(483, 'ZONE 3', 41),
(484, 'ZONE 4', 41),
(485, 'ZONE 5', 41),
(486, 'ZONE 6', 41),
(487, 'ZONE 7', 41),
(488, 'ZONE 8', 41),
(489, 'ZONE 9', 41),
(490, 'ZONE 10', 41),
(491, 'ZONE 11', 41),
(492, 'ZONE 12', 41),
(493, 'ZONE 1', 42),
(494, 'ZONE 2', 42),
(495, 'ZONE 3', 42),
(496, 'ZONE 4', 42),
(497, 'ZONE 5', 42),
(498, 'ZONE 6', 42),
(499, 'ZONE 7', 42),
(500, 'ZONE 8', 42),
(501, 'ZONE 9', 42),
(502, 'ZONE 10', 42),
(503, 'ZONE 11', 42),
(504, 'ZONE 12', 42),
(505, 'ZONE 1', 43),
(506, 'ZONE 2', 43),
(507, 'ZONE 3', 43),
(508, 'ZONE 4', 43),
(509, 'ZONE 5', 43),
(510, 'ZONE 6', 43),
(511, 'ZONE 7', 43),
(512, 'ZONE 8', 43),
(513, 'ZONE 9', 43),
(514, 'ZONE 10', 43),
(515, 'ZONE 11', 43),
(516, 'ZONE 12', 43),
(517, 'ZONE 1', 44),
(518, 'ZONE 2', 44),
(519, 'ZONE 3', 44),
(520, 'ZONE 4', 44),
(521, 'ZONE 5', 44),
(522, 'ZONE 6', 44),
(523, 'ZONE 7', 44),
(524, 'ZONE 8', 44),
(525, 'ZONE 9', 44),
(526, 'ZONE 10', 44),
(527, 'ZONE 11', 44),
(528, 'ZONE 12', 44),
(529, 'ZONE 1', 45),
(530, 'ZONE 2', 45),
(531, 'ZONE 3', 45),
(532, 'ZONE 4', 45),
(533, 'ZONE 5', 45),
(534, 'ZONE 6', 45),
(535, 'ZONE 7', 45),
(536, 'ZONE 8', 45),
(537, 'ZONE 9', 45),
(538, 'ZONE 10', 45),
(539, 'ZONE 11', 45),
(540, 'ZONE 12', 45),
(541, 'ZONE 1', 46),
(542, 'ZONE 2', 46),
(543, 'ZONE 3', 46),
(544, 'ZONE 4', 46),
(545, 'ZONE 5', 46),
(546, 'ZONE 6', 46),
(547, 'ZONE 7', 46),
(548, 'ZONE 8', 46),
(549, 'ZONE 9', 46),
(550, 'ZONE 10', 46),
(551, 'ZONE 11', 46),
(552, 'ZONE 12', 46),
(553, 'ZONE 1', 47),
(554, 'ZONE 2', 47),
(555, 'ZONE 3', 47),
(556, 'ZONE 4', 47),
(557, 'ZONE 5', 47),
(558, 'ZONE 6', 47),
(559, 'ZONE 7', 47),
(560, 'ZONE 8', 47),
(561, 'ZONE 9', 47),
(562, 'ZONE 10', 47),
(563, 'ZONE 11', 47),
(564, 'ZONE 12', 47),
(565, 'ZONE 1', 48),
(566, 'ZONE 2', 48),
(567, 'ZONE 3', 48),
(568, 'ZONE 4', 48),
(569, 'ZONE 5', 48),
(570, 'ZONE 6', 48),
(571, 'ZONE 7', 48),
(572, 'ZONE 8', 48),
(573, 'ZONE 9', 48),
(574, 'ZONE 10', 48),
(575, 'ZONE 11', 48),
(576, 'ZONE 12', 48),
(577, 'ZONE 1', 49),
(578, 'ZONE 2', 49),
(579, 'ZONE 3', 49),
(580, 'ZONE 4', 49),
(581, 'ZONE 5', 49),
(582, 'ZONE 6', 49),
(583, 'ZONE 7', 49),
(584, 'ZONE 8', 49),
(585, 'ZONE 9', 49),
(586, 'ZONE 10', 49),
(587, 'ZONE 11', 49),
(588, 'ZONE 12', 49),
(589, 'ZONE 1', 50),
(590, 'ZONE 2', 50),
(591, 'ZONE 3', 50),
(592, 'ZONE 4', 50),
(593, 'ZONE 5', 50),
(594, 'ZONE 6', 50),
(595, 'ZONE 7', 50),
(596, 'ZONE 8', 50),
(597, 'ZONE 9', 50),
(598, 'ZONE 10', 50),
(599, 'ZONE 11', 50),
(600, 'ZONE 12', 50),
(601, 'ZONE 1', 51),
(602, 'ZONE 2', 51),
(603, 'ZONE 3', 51),
(604, 'ZONE 4', 51),
(605, 'ZONE 5', 51),
(606, 'ZONE 6', 51),
(607, 'ZONE 7', 51),
(608, 'ZONE 8', 51),
(609, 'ZONE 9', 51),
(610, 'ZONE 10', 51),
(611, 'ZONE 11', 51),
(612, 'ZONE 12', 51),
(613, 'ZONE 1', 52),
(614, 'ZONE 2', 52),
(615, 'ZONE 3', 52),
(616, 'ZONE 4', 52),
(617, 'ZONE 5', 52),
(618, 'ZONE 6', 52),
(619, 'ZONE 7', 52),
(620, 'ZONE 8', 52),
(621, 'ZONE 9', 52),
(622, 'ZONE 10', 52),
(623, 'ZONE 11', 52),
(624, 'ZONE 12', 52),
(625, 'ZONE 1', 53),
(626, 'ZONE 2', 53),
(627, 'ZONE 3', 53),
(628, 'ZONE 4', 53),
(629, 'ZONE 5', 53),
(630, 'ZONE 6', 53),
(631, 'ZONE 7', 53),
(632, 'ZONE 8', 53),
(633, 'ZONE 9', 53),
(634, 'ZONE 10', 53),
(635, 'ZONE 11', 53),
(636, 'ZONE 12', 53),
(637, 'ZONE 1', 54),
(638, 'ZONE 2', 54),
(639, 'ZONE 3', 54),
(640, 'ZONE 4', 54),
(641, 'ZONE 5', 54),
(642, 'ZONE 6', 54),
(643, 'ZONE 7', 54),
(644, 'ZONE 8', 54),
(645, 'ZONE 9', 54),
(646, 'ZONE 10', 54),
(647, 'ZONE 11', 54),
(648, 'ZONE 12', 54),
(649, 'ZONE 1', 55),
(650, 'ZONE 2', 55),
(651, 'ZONE 3', 55),
(652, 'ZONE 4', 55),
(653, 'ZONE 5', 55),
(654, 'ZONE 6', 55),
(655, 'ZONE 7', 55),
(656, 'ZONE 8', 55),
(657, 'ZONE 9', 55),
(658, 'ZONE 10', 55),
(659, 'ZONE 11', 55),
(660, 'ZONE 12', 55),
(661, 'ZONE 1', 56),
(662, 'ZONE 2', 56),
(663, 'ZONE 3', 56),
(664, 'ZONE 4', 56),
(665, 'ZONE 5', 56),
(666, 'ZONE 6', 56),
(667, 'ZONE 7', 56),
(668, 'ZONE 8', 56),
(669, 'ZONE 9', 56),
(670, 'ZONE 10', 56),
(671, 'ZONE 11', 56),
(672, 'ZONE 12', 56),
(673, 'ZONE 1', 57),
(674, 'ZONE 2', 57),
(675, 'ZONE 3', 57),
(676, 'ZONE 4', 57),
(677, 'ZONE 5', 57),
(678, 'ZONE 6', 57),
(679, 'ZONE 7', 57),
(680, 'ZONE 8', 57),
(681, 'ZONE 9', 57),
(682, 'ZONE 10', 57),
(683, 'ZONE 11', 57),
(684, 'ZONE 12', 57),
(685, 'ZONE 1', 58),
(686, 'ZONE 2', 58),
(687, 'ZONE 3', 58),
(688, 'ZONE 4', 58),
(689, 'ZONE 5', 58),
(690, 'ZONE 6', 58),
(691, 'ZONE 7', 58),
(692, 'ZONE 8', 58),
(693, 'ZONE 9', 58),
(694, 'ZONE 10', 58),
(695, 'ZONE 11', 58),
(696, 'ZONE 12', 58),
(697, 'ZONE 1', 59),
(698, 'ZONE 2', 59),
(699, 'ZONE 3', 59),
(700, 'ZONE 4', 59),
(701, 'ZONE 5', 59),
(702, 'ZONE 6', 59),
(703, 'ZONE 7', 59),
(704, 'ZONE 8', 59),
(705, 'ZONE 9', 59),
(706, 'ZONE 10', 59),
(707, 'ZONE 11', 59),
(708, 'ZONE 12', 59),
(709, 'ZONE 1', 60),
(710, 'ZONE 2', 60),
(711, 'ZONE 3', 60),
(712, 'ZONE 4', 60),
(713, 'ZONE 5', 60),
(714, 'ZONE 6', 60),
(715, 'ZONE 7', 60),
(716, 'ZONE 8', 60),
(717, 'ZONE 9', 60),
(718, 'ZONE 10', 60),
(719, 'ZONE 11', 60),
(720, 'ZONE 12', 60),
(721, 'ZONE 1', 61),
(722, 'ZONE 2', 61),
(723, 'ZONE 3', 61),
(724, 'ZONE 4', 61),
(725, 'ZONE 5', 61),
(726, 'ZONE 6', 61),
(727, 'ZONE 7', 61),
(728, 'ZONE 8', 61),
(729, 'ZONE 9', 61),
(730, 'ZONE 10', 61),
(731, 'ZONE 11', 61),
(732, 'ZONE 12', 61),
(733, 'ZONE 1', 62),
(734, 'ZONE 2', 62),
(735, 'ZONE 3', 62),
(736, 'ZONE 4', 62),
(737, 'ZONE 5', 62),
(738, 'ZONE 6', 62),
(739, 'ZONE 7', 62),
(740, 'ZONE 8', 62),
(741, 'ZONE 9', 62),
(742, 'ZONE 10', 62),
(743, 'ZONE 11', 62),
(744, 'ZONE 12', 62),
(745, 'ZONE 1', 63),
(746, 'ZONE 2', 63),
(747, 'ZONE 3', 63),
(748, 'ZONE 4', 63),
(749, 'ZONE 5', 63),
(750, 'ZONE 6', 63),
(751, 'ZONE 7', 63),
(752, 'ZONE 8', 63),
(753, 'ZONE 9', 63),
(754, 'ZONE 10', 63),
(755, 'ZONE 11', 63),
(756, 'ZONE 12', 63),
(757, 'ZONE 1', 64),
(758, 'ZONE 2', 64),
(759, 'ZONE 3', 64),
(760, 'ZONE 4', 64),
(761, 'ZONE 5', 64),
(762, 'ZONE 6', 64),
(763, 'ZONE 7', 64),
(764, 'ZONE 8', 64),
(765, 'ZONE 9', 64),
(766, 'ZONE 10', 64),
(767, 'ZONE 11', 64),
(768, 'ZONE 12', 64),
(769, 'ZONE 1', 65),
(770, 'ZONE 2', 65),
(771, 'ZONE 3', 65),
(772, 'ZONE 4', 65),
(773, 'ZONE 5', 65),
(774, 'ZONE 6', 65),
(775, 'ZONE 7', 65),
(776, 'ZONE 8', 65),
(777, 'ZONE 9', 65),
(778, 'ZONE 10', 65),
(779, 'ZONE 11', 65),
(780, 'ZONE 12', 65),
(781, 'ZONE 1', 66),
(782, 'ZONE 2', 66),
(783, 'ZONE 3', 66),
(784, 'ZONE 4', 66),
(785, 'ZONE 5', 66),
(786, 'ZONE 6', 66),
(787, 'ZONE 7', 66),
(788, 'ZONE 8', 66),
(789, 'ZONE 9', 66),
(790, 'ZONE 10', 66),
(791, 'ZONE 11', 66),
(792, 'ZONE 12', 66),
(793, 'ZONE 1', 67),
(794, 'ZONE 2', 67),
(795, 'ZONE 3', 67),
(796, 'ZONE 4', 67),
(797, 'ZONE 5', 67),
(798, 'ZONE 6', 67),
(799, 'ZONE 7', 67),
(800, 'ZONE 8', 67),
(801, 'ZONE 9', 67),
(802, 'ZONE 10', 67),
(803, 'ZONE 11', 67),
(804, 'ZONE 12', 67),
(805, 'ZONE 1', 68),
(806, 'ZONE 2', 68),
(807, 'ZONE 3', 68),
(808, 'ZONE 4', 68),
(809, 'ZONE 5', 68),
(810, 'ZONE 6', 68),
(811, 'ZONE 7', 68),
(812, 'ZONE 8', 68),
(813, 'ZONE 9', 68),
(814, 'ZONE 10', 68),
(815, 'ZONE 11', 68),
(816, 'ZONE 12', 68),
(817, 'ZONE 1', 69),
(818, 'ZONE 2', 69),
(819, 'ZONE 3', 69),
(820, 'ZONE 4', 69),
(821, 'ZONE 5', 69),
(822, 'ZONE 6', 69),
(823, 'ZONE 7', 69),
(824, 'ZONE 8', 69),
(825, 'ZONE 9', 69),
(826, 'ZONE 10', 69),
(827, 'ZONE 11', 69),
(828, 'ZONE 12', 69),
(829, 'ZONE 1', 70),
(830, 'ZONE 2', 70),
(831, 'ZONE 3', 70),
(832, 'ZONE 4', 70),
(833, 'ZONE 5', 70),
(834, 'ZONE 6', 70),
(835, 'ZONE 7', 70),
(836, 'ZONE 8', 70),
(837, 'ZONE 9', 70),
(838, 'ZONE 10', 70),
(839, 'ZONE 11', 70),
(840, 'ZONE 12', 70),
(841, 'ZONE 1', 71),
(842, 'ZONE 2', 71),
(843, 'ZONE 3', 71),
(844, 'ZONE 4', 71),
(845, 'ZONE 5', 71),
(846, 'ZONE 6', 71),
(847, 'ZONE 7', 71),
(848, 'ZONE 8', 71),
(849, 'ZONE 9', 71),
(850, 'ZONE 10', 71),
(851, 'ZONE 11', 71),
(852, 'ZONE 12', 71),
(853, 'ZONE 1', 72),
(854, 'ZONE 2', 72),
(855, 'ZONE 3', 72),
(856, 'ZONE 4', 72),
(857, 'ZONE 5', 72),
(858, 'ZONE 6', 72),
(859, 'ZONE 7', 72),
(860, 'ZONE 8', 72),
(861, 'ZONE 9', 72),
(862, 'ZONE 10', 72),
(863, 'ZONE 11', 72),
(864, 'ZONE 12', 72),
(865, 'ZONE 1', 73),
(866, 'ZONE 2', 73),
(867, 'ZONE 3', 73),
(868, 'ZONE 4', 73),
(869, 'ZONE 5', 73),
(870, 'ZONE 6', 73),
(871, 'ZONE 7', 73),
(872, 'ZONE 8', 73),
(873, 'ZONE 9', 73),
(874, 'ZONE 10', 73),
(875, 'ZONE 11', 73),
(876, 'ZONE 12', 73),
(877, 'ZONE 1', 74),
(878, 'ZONE 2', 74),
(879, 'ZONE 3', 74),
(880, 'ZONE 4', 74),
(881, 'ZONE 5', 74),
(882, 'ZONE 6', 74),
(883, 'ZONE 7', 74),
(884, 'ZONE 8', 74),
(885, 'ZONE 9', 74),
(886, 'ZONE 10', 74),
(887, 'ZONE 11', 74),
(888, 'ZONE 12', 74),
(889, 'ZONE 1', 75),
(890, 'ZONE 2', 75),
(891, 'ZONE 3', 75),
(892, 'ZONE 4', 75),
(893, 'ZONE 5', 75),
(894, 'ZONE 6', 75),
(895, 'ZONE 7', 75),
(896, 'ZONE 8', 75),
(897, 'ZONE 9', 75),
(898, 'ZONE 10', 75),
(899, 'ZONE 11', 75),
(900, 'ZONE 12', 75),
(901, 'ZONE 1', 76),
(902, 'ZONE 2', 76),
(903, 'ZONE 3', 76),
(904, 'ZONE 4', 76),
(905, 'ZONE 5', 76),
(906, 'ZONE 6', 76),
(907, 'ZONE 7', 76),
(908, 'ZONE 8', 76),
(909, 'ZONE 9', 76),
(910, 'ZONE 10', 76),
(911, 'ZONE 11', 76),
(912, 'ZONE 12', 76),
(913, 'ZONE 1', 77),
(914, 'ZONE 2', 77),
(915, 'ZONE 3', 77),
(916, 'ZONE 4', 77),
(917, 'ZONE 5', 77),
(918, 'ZONE 6', 77),
(919, 'ZONE 7', 77),
(920, 'ZONE 8', 77),
(921, 'ZONE 9', 77),
(922, 'ZONE 10', 77),
(923, 'ZONE 11', 77),
(924, 'ZONE 12', 77),
(925, 'ZONE 1', 78),
(926, 'ZONE 2', 78),
(927, 'ZONE 3', 78),
(928, 'ZONE 4', 78),
(929, 'ZONE 5', 78),
(930, 'ZONE 6', 78),
(931, 'ZONE 7', 78),
(932, 'ZONE 8', 78),
(933, 'ZONE 9', 78),
(934, 'ZONE 10', 78),
(935, 'ZONE 11', 78),
(936, 'ZONE 12', 78),
(937, 'ZONE 1', 79),
(938, 'ZONE 2', 79),
(939, 'ZONE 3', 79),
(940, 'ZONE 4', 79),
(941, 'ZONE 5', 79),
(942, 'ZONE 6', 79),
(943, 'ZONE 7', 79),
(944, 'ZONE 8', 79),
(945, 'ZONE 9', 79),
(946, 'ZONE 10', 79),
(947, 'ZONE 11', 79),
(948, 'ZONE 12', 79),
(949, 'ZONE 1', 80),
(950, 'ZONE 2', 80),
(951, 'ZONE 3', 80),
(952, 'ZONE 4', 80),
(953, 'ZONE 5', 80),
(954, 'ZONE 6', 80),
(955, 'ZONE 7', 80),
(956, 'ZONE 8', 80),
(957, 'ZONE 9', 80),
(958, 'ZONE 10', 80),
(959, 'ZONE 11', 80),
(960, 'ZONE 12', 80),
(961, 'ZONE 1', 81),
(962, 'ZONE 2', 81),
(963, 'ZONE 3', 81),
(964, 'ZONE 4', 81),
(965, 'ZONE 5', 81),
(966, 'ZONE 6', 81),
(967, 'ZONE 7', 81),
(968, 'ZONE 8', 81),
(969, 'ZONE 9', 81),
(970, 'ZONE 10', 81),
(971, 'ZONE 11', 81),
(972, 'ZONE 12', 81);

--
-- Indexes for dumped tables
--

--
-- Indexes for table `authorize_user`
--
ALTER TABLE `authorize_user`
  ADD PRIMARY KEY (`id`);

--
-- Indexes for table `barangay`
--
ALTER TABLE `barangay`
  ADD PRIMARY KEY (`id`);

--
-- Indexes for table `city`
--
ALTER TABLE `city`
  ADD PRIMARY KEY (`id`);

--
-- Indexes for table `province`
--
ALTER TABLE `province`
  ADD PRIMARY KEY (`id`);

--
-- Indexes for table `tblannouncements`
--
ALTER TABLE `tblannouncements`
  ADD PRIMARY KEY (`id`);

--
-- Indexes for table `tblavailedbenefits`
--
ALTER TABLE `tblavailedbenefits`
  ADD PRIMARY KEY (`id`);

--
-- Indexes for table `tblbenefits`
--
ALTER TABLE `tblbenefits`
  ADD PRIMARY KEY (`id`);

--
-- Indexes for table `tblfamilyrep`
--
ALTER TABLE `tblfamilyrep`
  ADD PRIMARY KEY (`id`);

--
-- Indexes for table `tblmember`
--
ALTER TABLE `tblmember`
  ADD PRIMARY KEY (`id`);

--
-- Indexes for table `tblpayment`
--
ALTER TABLE `tblpayment`
  ADD PRIMARY KEY (`id`);

--
-- Indexes for table `tblregistration`
--
ALTER TABLE `tblregistration`
  ADD PRIMARY KEY (`uid`);

--
-- Indexes for table `tblsample`
--
ALTER TABLE `tblsample`
  ADD PRIMARY KEY (`id`);

--
-- Indexes for table `tbl_zones`
--
ALTER TABLE `tbl_zones`
  ADD PRIMARY KEY (`zone_id`);

--
-- AUTO_INCREMENT for dumped tables
--

--
-- AUTO_INCREMENT for table `authorize_user`
--
ALTER TABLE `authorize_user`
  MODIFY `id` int(11) NOT NULL AUTO_INCREMENT, AUTO_INCREMENT=5;

--
-- AUTO_INCREMENT for table `barangay`
--
ALTER TABLE `barangay`
  MODIFY `id` int(11) NOT NULL AUTO_INCREMENT, AUTO_INCREMENT=82;

--
-- AUTO_INCREMENT for table `city`
--
ALTER TABLE `city`
  MODIFY `id` int(11) NOT NULL AUTO_INCREMENT, AUTO_INCREMENT=46;

--
-- AUTO_INCREMENT for table `province`
--
ALTER TABLE `province`
  MODIFY `id` int(11) NOT NULL AUTO_INCREMENT, AUTO_INCREMENT=18;

--
-- AUTO_INCREMENT for table `tblannouncements`
--
ALTER TABLE `tblannouncements`
  MODIFY `id` int(11) NOT NULL AUTO_INCREMENT, AUTO_INCREMENT=11;

--
-- AUTO_INCREMENT for table `tblavailedbenefits`
--
ALTER TABLE `tblavailedbenefits`
  MODIFY `id` int(11) NOT NULL AUTO_INCREMENT, AUTO_INCREMENT=12;

--
-- AUTO_INCREMENT for table `tblbenefits`
--
ALTER TABLE `tblbenefits`
  MODIFY `id` int(11) NOT NULL AUTO_INCREMENT, AUTO_INCREMENT=5;

--
-- AUTO_INCREMENT for table `tblfamilyrep`
--
ALTER TABLE `tblfamilyrep`
  MODIFY `id` int(11) NOT NULL AUTO_INCREMENT, AUTO_INCREMENT=333;

--
-- AUTO_INCREMENT for table `tblmember`
--
ALTER TABLE `tblmember`
  MODIFY `id` int(11) NOT NULL AUTO_INCREMENT, AUTO_INCREMENT=107;

--
-- AUTO_INCREMENT for table `tblpayment`
--
ALTER TABLE `tblpayment`
  MODIFY `id` int(11) NOT NULL AUTO_INCREMENT, AUTO_INCREMENT=835;

--
-- AUTO_INCREMENT for table `tblregistration`
--
ALTER TABLE `tblregistration`
  MODIFY `uid` int(11) NOT NULL AUTO_INCREMENT, AUTO_INCREMENT=144;

--
-- AUTO_INCREMENT for table `tblsample`
--
ALTER TABLE `tblsample`
  MODIFY `id` int(11) NOT NULL AUTO_INCREMENT, AUTO_INCREMENT=2;

--
-- AUTO_INCREMENT for table `tbl_zones`
--
ALTER TABLE `tbl_zones`
  MODIFY `zone_id` int(11) NOT NULL AUTO_INCREMENT, AUTO_INCREMENT=973;
COMMIT;

/*!40101 SET CHARACTER_SET_CLIENT=@OLD_CHARACTER_SET_CLIENT */;
/*!40101 SET CHARACTER_SET_RESULTS=@OLD_CHARACTER_SET_RESULTS */;
/*!40101 SET COLLATION_CONNECTION=@OLD_COLLATION_CONNECTION */;
